district,Votes,Codi_Barri,Party,neighborhood
Ciutat Vella,25,1,ALHORA,El Raval
Ciutat Vella,149,1,ALIANÇA.CAT,El Raval
Ciutat Vella,926,1,CAT-JUNTS+,El Raval
Ciutat Vella,1095,1,COMUNS SUMAR,El Raval
Ciutat Vella,448,1,CUP - DT,El Raval
Ciutat Vella,64,1,Cs,El Raval
Ciutat Vella,792,1,ERC,El Raval
Ciutat Vella,18529,1,Electors,El Raval
Ciutat Vella,25,1,FO,El Raval
Ciutat Vella,61,1,IZQP - UNIDOS - DEf,El Raval
Ciutat Vella,77,1,PACMA,El Raval
Ciutat Vella,22,1,PCTC,El Raval
Ciutat Vella,716,1,PP,El Raval
Ciutat Vella,2622,1,PSC,El Raval
Ciutat Vella,14,1,PUM+J,El Raval
Ciutat Vella,13,1,RECORTES CERO,El Raval
Ciutat Vella,504,1,VOX,El Raval
Ciutat Vella,7664,1,Votants,El Raval
Ciutat Vella,65,1,Vots blancs,El Raval
Ciutat Vella,46,1,Vots nuls,El Raval
Ciutat Vella,7618,1,Vots vàlids,El Raval
Ciutat Vella,40,2,ALHORA,Gothic Quarter
Ciutat Vella,69,2,ALIANÇA.CAT,Gothic Quarter
Ciutat Vella,621,2,CAT-JUNTS+,Gothic Quarter
Ciutat Vella,485,2,COMUNS SUMAR,Gothic Quarter
Ciutat Vella,287,2,CUP - DT,Gothic Quarter
Ciutat Vella,29,2,Cs,Gothic Quarter
Ciutat Vella,407,2,ERC,Gothic Quarter
Ciutat Vella,7589,2,Electors,Gothic Quarter
Ciutat Vella,12,2,FO,Gothic Quarter
Ciutat Vella,8,2,IZQP - UNIDOS - DEf,Gothic Quarter
Ciutat Vella,50,2,PACMA,Gothic Quarter
Ciutat Vella,8,2,PCTC,Gothic Quarter
Ciutat Vella,282,2,PP,Gothic Quarter
Ciutat Vella,851,2,PSC,Gothic Quarter
Ciutat Vella,3,2,PUM+J,Gothic Quarter
Ciutat Vella,3,2,RECORTES CERO,Gothic Quarter
Ciutat Vella,157,2,VOX,Gothic Quarter
Ciutat Vella,3345,2,Votants,Gothic Quarter
Ciutat Vella,26,2,Vots blancs,Gothic Quarter
Ciutat Vella,7,2,Vots nuls,Gothic Quarter
Ciutat Vella,3338,2,Vots vàlids,Gothic Quarter
Ciutat Vella,13,3,ALHORA,"""La Barceloneta, Barcelona"""
Ciutat Vella,61,3,ALIANÇA.CAT,"""La Barceloneta, Barcelona"""
Ciutat Vella,594,3,CAT-JUNTS+,"""La Barceloneta, Barcelona"""
Ciutat Vella,331,3,COMUNS SUMAR,"""La Barceloneta, Barcelona"""
Ciutat Vella,139,3,CUP - DT,"""La Barceloneta, Barcelona"""
Ciutat Vella,25,3,Cs,"""La Barceloneta, Barcelona"""
Ciutat Vella,556,3,ERC,"""La Barceloneta, Barcelona"""
Ciutat Vella,7445,3,Electors,"""La Barceloneta, Barcelona"""
Ciutat Vella,15,3,FO,"""La Barceloneta, Barcelona"""
Ciutat Vella,1,3,IZQP - UNIDOS - DEf,"""La Barceloneta, Barcelona"""
Ciutat Vella,53,3,PACMA,"""La Barceloneta, Barcelona"""
Ciutat Vella,8,3,PCTC,"""La Barceloneta, Barcelona"""
Ciutat Vella,305,3,PP,"""La Barceloneta, Barcelona"""
Ciutat Vella,1029,3,PSC,"""La Barceloneta, Barcelona"""
Ciutat Vella,3,3,PUM+J,"""La Barceloneta, Barcelona"""
Ciutat Vella,7,3,RECORTES CERO,"""La Barceloneta, Barcelona"""
Ciutat Vella,226,3,VOX,"""La Barceloneta, Barcelona"""
Ciutat Vella,3405,3,Votants,"""La Barceloneta, Barcelona"""
Ciutat Vella,22,3,Vots blancs,"""La Barceloneta, Barcelona"""
Ciutat Vella,17,3,Vots nuls,"""La Barceloneta, Barcelona"""
Ciutat Vella,3388,3,Vots vàlids,"""La Barceloneta, Barcelona"""
Ciutat Vella,35,4,ALHORA,
Ciutat Vella,85,4,ALIANÇA.CAT,
Ciutat Vella,895,4,CAT-JUNTS+,
Ciutat Vella,771,4,COMUNS SUMAR,
Ciutat Vella,341,4,CUP - DT,
Ciutat Vella,37,4,Cs,
Ciutat Vella,583,4,ERC,
Ciutat Vella,10276,4,Electors,
Ciutat Vella,12,4,FO,
Ciutat Vella,4,4,IZQP - UNIDOS - DEf,
Ciutat Vella,67,4,PACMA,
Ciutat Vella,11,4,PCTC,
Ciutat Vella,445,4,PP,
Ciutat Vella,1532,4,PSC,
Ciutat Vella,6,4,PUM+J,
Ciutat Vella,2,4,RECORTES CERO,
Ciutat Vella,249,4,VOX,
Ciutat Vella,5129,4,Votants,
Ciutat Vella,31,4,Vots blancs,
Ciutat Vella,23,4,Vots nuls,
Ciutat Vella,5106,4,Vots vàlids,
Eixample,63,5,ALHORA,Fort Pienc
Eixample,284,5,ALIANÇA.CAT,Fort Pienc
Eixample,2868,5,CAT-JUNTS+,Fort Pienc
Eixample,1201,5,COMUNS SUMAR,Fort Pienc
Eixample,669,5,CUP - DT,Fort Pienc
Eixample,112,5,Cs,Fort Pienc
Eixample,1707,5,ERC,Fort Pienc
Eixample,20453,5,Electors,Fort Pienc
Eixample,15,5,FO,Fort Pienc
Eixample,0,5,IZQP - UNIDOS - DEf,Fort Pienc
Eixample,91,5,PACMA,Fort Pienc
Eixample,8,5,PCTC,Fort Pienc
Eixample,1597,5,PP,Fort Pienc
Eixample,3229,5,PSC,Fort Pienc
Eixample,10,5,PUM+J,Fort Pienc
Eixample,8,5,RECORTES CERO,Fort Pienc
Eixample,594,5,VOX,Fort Pienc
Eixample,12650,5,Votants,Fort Pienc
Eixample,126,5,Vots blancs,Fort Pienc
Eixample,68,5,Vots nuls,Fort Pienc
Eixample,12582,5,Vots vàlids,Fort Pienc
Eixample,154,6,ALHORA,Sagrada Família
Eixample,515,6,ALIANÇA.CAT,Sagrada Família
Eixample,5020,6,CAT-JUNTS+,Sagrada Família
Eixample,1948,6,COMUNS SUMAR,Sagrada Família
Eixample,1047,6,CUP - DT,Sagrada Família
Eixample,158,6,Cs,Sagrada Família
Eixample,3054,6,ERC,Sagrada Família
Eixample,33617,6,Electors,Sagrada Família
Eixample,33,6,FO,Sagrada Família
Eixample,4,6,IZQP - UNIDOS - DEf,Sagrada Família
Eixample,194,6,PACMA,Sagrada Família
Eixample,20,6,PCTC,Sagrada Família
Eixample,2411,6,PP,Sagrada Família
Eixample,5443,6,PSC,Sagrada Família
Eixample,12,6,PUM+J,Sagrada Família
Eixample,21,6,RECORTES CERO,Sagrada Família
Eixample,956,6,VOX,Sagrada Família
Eixample,21295,6,Votants,Sagrada Família
Eixample,192,6,Vots blancs,Sagrada Família
Eixample,113,6,Vots nuls,Sagrada Família
Eixample,21182,6,Vots vàlids,Sagrada Família
Eixample,124,7,ALHORA,Dreta de l'Eixample
Eixample,379,7,ALIANÇA.CAT,Dreta de l'Eixample
Eixample,5081,7,CAT-JUNTS+,Dreta de l'Eixample
Eixample,1607,7,COMUNS SUMAR,Dreta de l'Eixample
Eixample,890,7,CUP - DT,Dreta de l'Eixample
Eixample,101,7,Cs,Dreta de l'Eixample
Eixample,2014,7,ERC,Dreta de l'Eixample
Eixample,26816,7,Electors,Dreta de l'Eixample
Eixample,23,7,FO,Dreta de l'Eixample
Eixample,4,7,IZQP - UNIDOS - DEf,Dreta de l'Eixample
Eixample,140,7,PACMA,Dreta de l'Eixample
Eixample,6,7,PCTC,Dreta de l'Eixample
Eixample,2525,7,PP,Dreta de l'Eixample
Eixample,3955,7,PSC,Dreta de l'Eixample
Eixample,12,7,PUM+J,Dreta de l'Eixample
Eixample,10,7,RECORTES CERO,Dreta de l'Eixample
Eixample,759,7,VOX,Dreta de l'Eixample
Eixample,17870,7,Votants,Dreta de l'Eixample
Eixample,162,7,Vots blancs,Dreta de l'Eixample
Eixample,78,7,Vots nuls,Dreta de l'Eixample
Eixample,17792,7,Vots vàlids,Dreta de l'Eixample
Eixample,130,8,ALHORA,L'Antiga Esquerra de l'Eixample
Eixample,377,8,ALIANÇA.CAT,L'Antiga Esquerra de l'Eixample
Eixample,4513,8,CAT-JUNTS+,L'Antiga Esquerra de l'Eixample
Eixample,1437,8,COMUNS SUMAR,L'Antiga Esquerra de l'Eixample
Eixample,774,8,CUP - DT,L'Antiga Esquerra de l'Eixample
Eixample,127,8,Cs,L'Antiga Esquerra de l'Eixample
Eixample,1985,8,ERC,L'Antiga Esquerra de l'Eixample
Eixample,26914,8,Electors,L'Antiga Esquerra de l'Eixample
Eixample,18,8,FO,L'Antiga Esquerra de l'Eixample
Eixample,8,8,IZQP - UNIDOS - DEf,L'Antiga Esquerra de l'Eixample
Eixample,141,8,PACMA,L'Antiga Esquerra de l'Eixample
Eixample,10,8,PCTC,L'Antiga Esquerra de l'Eixample
Eixample,2603,8,PP,L'Antiga Esquerra de l'Eixample
Eixample,4161,8,PSC,L'Antiga Esquerra de l'Eixample
Eixample,13,8,PUM+J,L'Antiga Esquerra de l'Eixample
Eixample,7,8,RECORTES CERO,L'Antiga Esquerra de l'Eixample
Eixample,902,8,VOX,L'Antiga Esquerra de l'Eixample
Eixample,17469,8,Votants,L'Antiga Esquerra de l'Eixample
Eixample,163,8,Vots blancs,L'Antiga Esquerra de l'Eixample
Eixample,100,8,Vots nuls,L'Antiga Esquerra de l'Eixample
Eixample,17369,8,Vots vàlids,L'Antiga Esquerra de l'Eixample
Eixample,195,9,ALHORA,La Nova Esquerra de l'Eixample
Eixample,531,9,ALIANÇA.CAT,La Nova Esquerra de l'Eixample
Eixample,6294,9,CAT-JUNTS+,La Nova Esquerra de l'Eixample
Eixample,2245,9,COMUNS SUMAR,La Nova Esquerra de l'Eixample
Eixample,1103,9,CUP - DT,La Nova Esquerra de l'Eixample
Eixample,155,9,Cs,La Nova Esquerra de l'Eixample
Eixample,3211,9,ERC,La Nova Esquerra de l'Eixample
Eixample,38948,9,Electors,La Nova Esquerra de l'Eixample
Eixample,41,9,FO,La Nova Esquerra de l'Eixample
Eixample,6,9,IZQP - UNIDOS - DEf,La Nova Esquerra de l'Eixample
Eixample,188,9,PACMA,La Nova Esquerra de l'Eixample
Eixample,36,9,PCTC,La Nova Esquerra de l'Eixample
Eixample,3393,9,PP,La Nova Esquerra de l'Eixample
Eixample,6074,9,PSC,La Nova Esquerra de l'Eixample
Eixample,21,9,PUM+J,La Nova Esquerra de l'Eixample
Eixample,18,9,RECORTES CERO,La Nova Esquerra de l'Eixample
Eixample,1322,9,VOX,La Nova Esquerra de l'Eixample
Eixample,25222,9,Votants,La Nova Esquerra de l'Eixample
Eixample,240,9,Vots blancs,La Nova Esquerra de l'Eixample
Eixample,149,9,Vots nuls,La Nova Esquerra de l'Eixample
Eixample,25073,9,Vots vàlids,La Nova Esquerra de l'Eixample
Eixample,104,10,ALHORA,Sant Antoni
Eixample,390,10,ALIANÇA.CAT,Sant Antoni
Eixample,3832,10,CAT-JUNTS+,Sant Antoni
Eixample,1811,10,COMUNS SUMAR,Sant Antoni
Eixample,876,10,CUP - DT,Sant Antoni
Eixample,91,10,Cs,Sant Antoni
Eixample,2145,10,ERC,Sant Antoni
Eixample,24484,10,Electors,Sant Antoni
Eixample,26,10,FO,Sant Antoni
Eixample,2,10,IZQP - UNIDOS - DEf,Sant Antoni
Eixample,148,10,PACMA,Sant Antoni
Eixample,18,10,PCTC,Sant Antoni
Eixample,1500,10,PP,Sant Antoni
Eixample,3886,10,PSC,Sant Antoni
Eixample,12,10,PUM+J,Sant Antoni
Eixample,7,10,RECORTES CERO,Sant Antoni
Eixample,615,10,VOX,Sant Antoni
Eixample,15664,10,Votants,Sant Antoni
Eixample,130,10,Vots blancs,Sant Antoni
Eixample,71,10,Vots nuls,Sant Antoni
Eixample,15593,10,Vots vàlids,Sant Antoni
Sants-Montjuïc,54,11,ALHORA,
Sants-Montjuïc,276,11,ALIANÇA.CAT,
Sants-Montjuïc,1849,11,CAT-JUNTS+,
Sants-Montjuïc,1679,11,COMUNS SUMAR,
Sants-Montjuïc,714,11,CUP - DT,
Sants-Montjuïc,67,11,Cs,
Sants-Montjuïc,1677,11,ERC,
Sants-Montjuïc,21882,11,Electors,
Sants-Montjuïc,40,11,FO,
Sants-Montjuïc,7,11,IZQP - UNIDOS - DEf,
Sants-Montjuïc,141,11,PACMA,
Sants-Montjuïc,12,11,PCTC,
Sants-Montjuïc,1042,11,PP,
Sants-Montjuïc,3329,11,PSC,
Sants-Montjuïc,6,11,PUM+J,
Sants-Montjuïc,13,11,RECORTES CERO,
Sants-Montjuïc,570,11,VOX,
Sants-Montjuïc,11596,11,Votants,
Sants-Montjuïc,74,11,Vots blancs,
Sants-Montjuïc,46,11,Vots nuls,
Sants-Montjuïc,11550,11,Vots vàlids,
Sants-Montjuïc,1,12,ALHORA,La Marina del Prat Vermell
Sants-Montjuïc,6,12,ALIANÇA.CAT,La Marina del Prat Vermell
Sants-Montjuïc,37,12,CAT-JUNTS+,La Marina del Prat Vermell
Sants-Montjuïc,47,12,COMUNS SUMAR,La Marina del Prat Vermell
Sants-Montjuïc,18,12,CUP - DT,La Marina del Prat Vermell
Sants-Montjuïc,1,12,Cs,La Marina del Prat Vermell
Sants-Montjuïc,47,12,ERC,La Marina del Prat Vermell
Sants-Montjuïc,1220,12,Electors,La Marina del Prat Vermell
Sants-Montjuïc,0,12,FO,La Marina del Prat Vermell
Sants-Montjuïc,0,12,IZQP - UNIDOS - DEf,La Marina del Prat Vermell
Sants-Montjuïc,4,12,PACMA,La Marina del Prat Vermell
Sants-Montjuïc,1,12,PCTC,La Marina del Prat Vermell
Sants-Montjuïc,56,12,PP,La Marina del Prat Vermell
Sants-Montjuïc,178,12,PSC,La Marina del Prat Vermell
Sants-Montjuïc,1,12,PUM+J,La Marina del Prat Vermell
Sants-Montjuïc,2,12,RECORTES CERO,La Marina del Prat Vermell
Sants-Montjuïc,60,12,VOX,La Marina del Prat Vermell
Sants-Montjuïc,470,12,Votants,La Marina del Prat Vermell
Sants-Montjuïc,9,12,Vots blancs,La Marina del Prat Vermell
Sants-Montjuïc,2,12,Vots nuls,La Marina del Prat Vermell
Sants-Montjuïc,468,12,Vots vàlids,La Marina del Prat Vermell
Sants-Montjuïc,31,13,ALHORA,La Marina de Port
Sants-Montjuïc,194,13,ALIANÇA.CAT,La Marina de Port
Sants-Montjuïc,1192,13,CAT-JUNTS+,La Marina de Port
Sants-Montjuïc,970,13,COMUNS SUMAR,La Marina de Port
Sants-Montjuïc,304,13,CUP - DT,La Marina de Port
Sants-Montjuïc,125,13,Cs,La Marina de Port
Sants-Montjuïc,1448,13,ERC,La Marina de Port
Sants-Montjuïc,21235,13,Electors,La Marina de Port
Sants-Montjuïc,45,13,FO,La Marina de Port
Sants-Montjuïc,7,13,IZQP - UNIDOS - DEf,La Marina de Port
Sants-Montjuïc,146,13,PACMA,La Marina de Port
Sants-Montjuïc,25,13,PCTC,La Marina de Port
Sants-Montjuïc,1560,13,PP,La Marina de Port
Sants-Montjuïc,4406,13,PSC,La Marina de Port
Sants-Montjuïc,10,13,PUM+J,La Marina de Port
Sants-Montjuïc,17,13,RECORTES CERO,La Marina de Port
Sants-Montjuïc,1085,13,VOX,La Marina de Port
Sants-Montjuïc,11715,13,Votants,La Marina de Port
Sants-Montjuïc,101,13,Vots blancs,La Marina de Port
Sants-Montjuïc,49,13,Vots nuls,La Marina de Port
Sants-Montjuïc,11666,13,Vots vàlids,La Marina de Port
Sants-Montjuïc,28,14,ALHORA,La Font de la Guatlla
Sants-Montjuïc,94,14,ALIANÇA.CAT,La Font de la Guatlla
Sants-Montjuïc,666,14,CAT-JUNTS+,La Font de la Guatlla
Sants-Montjuïc,391,14,COMUNS SUMAR,La Font de la Guatlla
Sants-Montjuïc,229,14,CUP - DT,La Font de la Guatlla
Sants-Montjuïc,40,14,Cs,La Font de la Guatlla
Sants-Montjuïc,577,14,ERC,La Font de la Guatlla
Sants-Montjuïc,7022,14,Electors,La Font de la Guatlla
Sants-Montjuïc,16,14,FO,La Font de la Guatlla
Sants-Montjuïc,2,14,IZQP - UNIDOS - DEf,La Font de la Guatlla
Sants-Montjuïc,36,14,PACMA,La Font de la Guatlla
Sants-Montjuïc,6,14,PCTC,La Font de la Guatlla
Sants-Montjuïc,481,14,PP,La Font de la Guatlla
Sants-Montjuïc,1207,14,PSC,La Font de la Guatlla
Sants-Montjuïc,3,14,PUM+J,La Font de la Guatlla
Sants-Montjuïc,6,14,RECORTES CERO,La Font de la Guatlla
Sants-Montjuïc,268,14,VOX,La Font de la Guatlla
Sants-Montjuïc,4107,14,Votants,La Font de la Guatlla
Sants-Montjuïc,31,14,Vots blancs,La Font de la Guatlla
Sants-Montjuïc,26,14,Vots nuls,La Font de la Guatlla
Sants-Montjuïc,4081,14,Vots vàlids,La Font de la Guatlla
Sants-Montjuïc,51,15,ALHORA,Hostafrancs
Sants-Montjuïc,150,15,ALIANÇA.CAT,Hostafrancs
Sants-Montjuïc,1229,15,CAT-JUNTS+,Hostafrancs
Sants-Montjuïc,704,15,COMUNS SUMAR,Hostafrancs
Sants-Montjuïc,413,15,CUP - DT,Hostafrancs
Sants-Montjuïc,47,15,Cs,Hostafrancs
Sants-Montjuïc,896,15,ERC,Hostafrancs
Sants-Montjuïc,10045,15,Electors,Hostafrancs
Sants-Montjuïc,13,15,FO,Hostafrancs
Sants-Montjuïc,2,15,IZQP - UNIDOS - DEf,Hostafrancs
Sants-Montjuïc,71,15,PACMA,Hostafrancs
Sants-Montjuïc,11,15,PCTC,Hostafrancs
Sants-Montjuïc,589,15,PP,Hostafrancs
Sants-Montjuïc,1569,15,PSC,Hostafrancs
Sants-Montjuïc,4,15,PUM+J,Hostafrancs
Sants-Montjuïc,8,15,RECORTES CERO,Hostafrancs
Sants-Montjuïc,291,15,VOX,Hostafrancs
Sants-Montjuïc,6120,15,Votants,Hostafrancs
Sants-Montjuïc,36,15,Vots blancs,Hostafrancs
Sants-Montjuïc,36,15,Vots nuls,Hostafrancs
Sants-Montjuïc,6084,15,Vots vàlids,Hostafrancs
Sants-Montjuïc,49,16,ALHORA,La Bordeta
Sants-Montjuïc,215,16,ALIANÇA.CAT,La Bordeta
Sants-Montjuïc,1586,16,CAT-JUNTS+,La Bordeta
Sants-Montjuïc,902,16,COMUNS SUMAR,La Bordeta
Sants-Montjuïc,575,16,CUP - DT,La Bordeta
Sants-Montjuïc,46,16,Cs,La Bordeta
Sants-Montjuïc,1446,16,ERC,La Bordeta
Sants-Montjuïc,13977,16,Electors,La Bordeta
Sants-Montjuïc,26,16,FO,La Bordeta
Sants-Montjuïc,2,16,IZQP - UNIDOS - DEf,La Bordeta
Sants-Montjuïc,84,16,PACMA,La Bordeta
Sants-Montjuïc,11,16,PCTC,La Bordeta
Sants-Montjuïc,900,16,PP,La Bordeta
Sants-Montjuïc,2455,16,PSC,La Bordeta
Sants-Montjuïc,6,16,PUM+J,La Bordeta
Sants-Montjuïc,6,16,RECORTES CERO,La Bordeta
Sants-Montjuïc,414,16,VOX,La Bordeta
Sants-Montjuïc,8852,16,Votants,La Bordeta
Sants-Montjuïc,76,16,Vots blancs,La Bordeta
Sants-Montjuïc,53,16,Vots nuls,La Bordeta
Sants-Montjuïc,8799,16,Vots vàlids,La Bordeta
Sants-Montjuïc,58,17,ALHORA,Sants-Badal
Sants-Montjuïc,231,17,ALIANÇA.CAT,Sants-Badal
Sants-Montjuïc,1678,17,CAT-JUNTS+,Sants-Badal
Sants-Montjuïc,837,17,COMUNS SUMAR,Sants-Badal
Sants-Montjuïc,505,17,CUP - DT,Sants-Badal
Sants-Montjuïc,52,17,Cs,Sants-Badal
Sants-Montjuïc,1409,17,ERC,Sants-Badal
Sants-Montjuïc,16816,17,Electors,Sants-Badal
Sants-Montjuïc,26,17,FO,Sants-Badal
Sants-Montjuïc,4,17,IZQP - UNIDOS - DEf,Sants-Badal
Sants-Montjuïc,70,17,PACMA,Sants-Badal
Sants-Montjuïc,7,17,PCTC,Sants-Badal
Sants-Montjuïc,1137,17,PP,Sants-Badal
Sants-Montjuïc,2695,17,PSC,Sants-Badal
Sants-Montjuïc,11,17,PUM+J,Sants-Badal
Sants-Montjuïc,12,17,RECORTES CERO,Sants-Badal
Sants-Montjuïc,531,17,VOX,Sants-Badal
Sants-Montjuïc,9391,17,Votants,Sants-Badal
Sants-Montjuïc,73,17,Vots blancs,Sants-Badal
Sants-Montjuïc,55,17,Vots nuls,Sants-Badal
Sants-Montjuïc,9336,17,Vots vàlids,Sants-Badal
Sants-Montjuïc,151,18,ALHORA,Sants
Sants-Montjuïc,428,18,ALIANÇA.CAT,Sants
Sants-Montjuïc,3956,18,CAT-JUNTS+,Sants
Sants-Montjuïc,1921,18,COMUNS SUMAR,Sants
Sants-Montjuïc,1351,18,CUP - DT,Sants
Sants-Montjuïc,106,18,Cs,Sants
Sants-Montjuïc,2799,18,ERC,Sants
Sants-Montjuïc,28825,18,Electors,Sants
Sants-Montjuïc,58,18,FO,Sants
Sants-Montjuïc,4,18,IZQP - UNIDOS - DEf,Sants
Sants-Montjuïc,161,18,PACMA,Sants
Sants-Montjuïc,20,18,PCTC,Sants
Sants-Montjuïc,1699,18,PP,Sants
Sants-Montjuïc,4268,18,PSC,Sants
Sants-Montjuïc,13,18,PUM+J,Sants
Sants-Montjuïc,21,18,RECORTES CERO,Sants
Sants-Montjuïc,758,18,VOX,Sants
Sants-Montjuïc,17977,18,Votants,Sants
Sants-Montjuïc,156,18,Vots blancs,Sants
Sants-Montjuïc,107,18,Vots nuls,Sants
Sants-Montjuïc,17870,18,Vots vàlids,Sants
Les Corts,160,19,ALHORA,Les Corts
Les Corts,522,19,ALIANÇA.CAT,Les Corts
Les Corts,5957,19,CAT-JUNTS+,Les Corts
Les Corts,1257,19,COMUNS SUMAR,Les Corts
Les Corts,823,19,CUP - DT,Les Corts
Les Corts,183,19,Cs,Les Corts
Les Corts,2806,19,ERC,Les Corts
Les Corts,33354,19,Electors,Les Corts
Les Corts,34,19,FO,Les Corts
Les Corts,6,19,IZQP - UNIDOS - DEf,Les Corts
Les Corts,167,19,PACMA,Les Corts
Les Corts,16,19,PCTC,Les Corts
Les Corts,4058,19,PP,Les Corts
Les Corts,5651,19,PSC,Les Corts
Les Corts,18,19,PUM+J,Les Corts
Les Corts,14,19,RECORTES CERO,Les Corts
Les Corts,1208,19,VOX,Les Corts
Les Corts,23246,19,Votants,Les Corts
Les Corts,267,19,Vots blancs,Les Corts
Les Corts,99,19,Vots nuls,Les Corts
Les Corts,23147,19,Vots vàlids,Les Corts
Les Corts,55,20,ALHORA,La Maternitat i Sant Ramon
Les Corts,283,20,ALIANÇA.CAT,La Maternitat i Sant Ramon
Les Corts,2446,20,CAT-JUNTS+,La Maternitat i Sant Ramon
Les Corts,717,20,COMUNS SUMAR,La Maternitat i Sant Ramon
Les Corts,327,20,CUP - DT,La Maternitat i Sant Ramon
Les Corts,92,20,Cs,La Maternitat i Sant Ramon
Les Corts,1410,20,ERC,La Maternitat i Sant Ramon
Les Corts,17270,20,Electors,La Maternitat i Sant Ramon
Les Corts,18,20,FO,La Maternitat i Sant Ramon
Les Corts,1,20,IZQP - UNIDOS - DEf,La Maternitat i Sant Ramon
Les Corts,97,20,PACMA,La Maternitat i Sant Ramon
Les Corts,6,20,PCTC,La Maternitat i Sant Ramon
Les Corts,1988,20,PP,La Maternitat i Sant Ramon
Les Corts,2972,20,PSC,La Maternitat i Sant Ramon
Les Corts,5,20,PUM+J,La Maternitat i Sant Ramon
Les Corts,6,20,RECORTES CERO,La Maternitat i Sant Ramon
Les Corts,701,20,VOX,La Maternitat i Sant Ramon
Les Corts,11299,20,Votants,La Maternitat i Sant Ramon
Les Corts,115,20,Vots blancs,La Maternitat i Sant Ramon
Les Corts,60,20,Vots nuls,La Maternitat i Sant Ramon
Les Corts,11239,20,Vots vàlids,La Maternitat i Sant Ramon
Les Corts,17,21,ALHORA,Pedralbes
Les Corts,116,21,ALIANÇA.CAT,Pedralbes
Les Corts,1245,21,CAT-JUNTS+,Pedralbes
Les Corts,98,21,COMUNS SUMAR,Pedralbes
Les Corts,58,21,CUP - DT,Pedralbes
Les Corts,44,21,Cs,Pedralbes
Les Corts,229,21,ERC,Pedralbes
Les Corts,8040,21,Electors,Pedralbes
Les Corts,3,21,FO,Pedralbes
Les Corts,1,21,IZQP - UNIDOS - DEf,Pedralbes
Les Corts,30,21,PACMA,Pedralbes
Les Corts,0,21,PCTC,Pedralbes
Les Corts,1956,21,PP,Pedralbes
Les Corts,960,21,PSC,Pedralbes
Les Corts,5,21,PUM+J,Pedralbes
Les Corts,1,21,RECORTES CERO,Pedralbes
Les Corts,628,21,VOX,Pedralbes
Les Corts,5466,21,Votants,Pedralbes
Les Corts,57,21,Vots blancs,Pedralbes
Les Corts,18,21,Vots nuls,Pedralbes
Les Corts,5448,21,Vots vàlids,Pedralbes
Sarrià-Sant Gervasi,18,22,ALHORA,
Sarrià-Sant Gervasi,35,22,ALIANÇA.CAT,
Sarrià-Sant Gervasi,663,22,CAT-JUNTS+,
Sarrià-Sant Gervasi,198,22,COMUNS SUMAR,
Sarrià-Sant Gervasi,160,22,CUP - DT,
Sarrià-Sant Gervasi,10,22,Cs,
Sarrià-Sant Gervasi,234,22,ERC,
Sarrià-Sant Gervasi,3230,22,Electors,
Sarrià-Sant Gervasi,6,22,FO,
Sarrià-Sant Gervasi,1,22,IZQP - UNIDOS - DEf,
Sarrià-Sant Gervasi,15,22,PACMA,
Sarrià-Sant Gervasi,0,22,PCTC,
Sarrià-Sant Gervasi,225,22,PP,
Sarrià-Sant Gervasi,423,22,PSC,
Sarrià-Sant Gervasi,1,22,PUM+J,
Sarrià-Sant Gervasi,0,22,RECORTES CERO,
Sarrià-Sant Gervasi,94,22,VOX,
Sarrià-Sant Gervasi,2103,22,Votants,
Sarrià-Sant Gervasi,16,22,Vots blancs,
Sarrià-Sant Gervasi,4,22,Vots nuls,
Sarrià-Sant Gervasi,2099,22,Vots vàlids,
Sarrià-Sant Gervasi,85,23,ALHORA,Sarrià
Sarrià-Sant Gervasi,223,23,ALIANÇA.CAT,Sarrià
Sarrià-Sant Gervasi,3382,23,CAT-JUNTS+,Sarrià
Sarrià-Sant Gervasi,533,23,COMUNS SUMAR,Sarrià
Sarrià-Sant Gervasi,348,23,CUP - DT,Sarrià
Sarrià-Sant Gervasi,61,23,Cs,Sarrià
Sarrià-Sant Gervasi,932,23,ERC,Sarrià
Sarrià-Sant Gervasi,16788,23,Electors,Sarrià
Sarrià-Sant Gervasi,9,23,FO,Sarrià
Sarrià-Sant Gervasi,1,23,IZQP - UNIDOS - DEf,Sarrià
Sarrià-Sant Gervasi,69,23,PACMA,Sarrià
Sarrià-Sant Gervasi,4,23,PCTC,Sarrià
Sarrià-Sant Gervasi,2694,23,PP,Sarrià
Sarrià-Sant Gervasi,2289,23,PSC,Sarrià
Sarrià-Sant Gervasi,18,23,PUM+J,Sarrià
Sarrià-Sant Gervasi,9,23,RECORTES CERO,Sarrià
Sarrià-Sant Gervasi,847,23,VOX,Sarrià
Sarrià-Sant Gervasi,11688,23,Votants,Sarrià
Sarrià-Sant Gervasi,143,23,Vots blancs,Sarrià
Sarrià-Sant Gervasi,41,23,Vots nuls,Sarrià
Sarrià-Sant Gervasi,11647,23,Vots vàlids,Sarrià
Sarrià-Sant Gervasi,25,24,ALHORA,Les Tres Torres
Sarrià-Sant Gervasi,130,24,ALIANÇA.CAT,Les Tres Torres
Sarrià-Sant Gervasi,1828,24,CAT-JUNTS+,Les Tres Torres
Sarrià-Sant Gervasi,135,24,COMUNS SUMAR,Les Tres Torres
Sarrià-Sant Gervasi,84,24,CUP - DT,Les Tres Torres
Sarrià-Sant Gervasi,45,24,Cs,Les Tres Torres
Sarrià-Sant Gervasi,346,24,ERC,Les Tres Torres
Sarrià-Sant Gervasi,11440,24,Electors,Les Tres Torres
Sarrià-Sant Gervasi,5,24,FO,Les Tres Torres
Sarrià-Sant Gervasi,1,24,IZQP - UNIDOS - DEf,Les Tres Torres
Sarrià-Sant Gervasi,29,24,PACMA,Les Tres Torres
Sarrià-Sant Gervasi,4,24,PCTC,Les Tres Torres
Sarrià-Sant Gervasi,2709,24,PP,Les Tres Torres
Sarrià-Sant Gervasi,1319,24,PSC,Les Tres Torres
Sarrià-Sant Gervasi,3,24,PUM+J,Les Tres Torres
Sarrià-Sant Gervasi,2,24,RECORTES CERO,Les Tres Torres
Sarrià-Sant Gervasi,768,24,VOX,Les Tres Torres
Sarrià-Sant Gervasi,7548,24,Votants,Les Tres Torres
Sarrià-Sant Gervasi,92,24,Vots blancs,Les Tres Torres
Sarrià-Sant Gervasi,23,24,Vots nuls,Les Tres Torres
Sarrià-Sant Gervasi,7525,24,Vots vàlids,Les Tres Torres
Sarrià-Sant Gervasi,31,25,ALHORA,Sant Gervasi – la Bonanova
Sarrià-Sant Gervasi,241,25,ALIANÇA.CAT,Sant Gervasi – la Bonanova
Sarrià-Sant Gervasi,3042,25,CAT-JUNTS+,Sant Gervasi – la Bonanova
Sarrià-Sant Gervasi,404,25,COMUNS SUMAR,Sant Gervasi – la Bonanova
Sarrià-Sant Gervasi,186,25,CUP - DT,Sant Gervasi – la Bonanova
Sarrià-Sant Gervasi,94,25,Cs,Sant Gervasi – la Bonanova
Sarrià-Sant Gervasi,760,25,ERC,Sant Gervasi – la Bonanova
Sarrià-Sant Gervasi,18093,25,Electors,Sant Gervasi – la Bonanova
Sarrià-Sant Gervasi,5,25,FO,Sant Gervasi – la Bonanova
Sarrià-Sant Gervasi,5,25,IZQP - UNIDOS - DEf,Sant Gervasi – la Bonanova
Sarrià-Sant Gervasi,85,25,PACMA,Sant Gervasi – la Bonanova
Sarrià-Sant Gervasi,4,25,PCTC,Sant Gervasi – la Bonanova
Sarrià-Sant Gervasi,3750,25,PP,Sant Gervasi – la Bonanova
Sarrià-Sant Gervasi,2432,25,PSC,Sant Gervasi – la Bonanova
Sarrià-Sant Gervasi,9,25,PUM+J,Sant Gervasi – la Bonanova
Sarrià-Sant Gervasi,7,25,RECORTES CERO,Sant Gervasi – la Bonanova
Sarrià-Sant Gervasi,1110,25,VOX,Sant Gervasi – la Bonanova
Sarrià-Sant Gervasi,12384,25,Votants,Sant Gervasi – la Bonanova
Sarrià-Sant Gervasi,164,25,Vots blancs,Sant Gervasi – la Bonanova
Sarrià-Sant Gervasi,55,25,Vots nuls,Sant Gervasi – la Bonanova
Sarrià-Sant Gervasi,12329,25,Vots vàlids,Sant Gervasi – la Bonanova
Sarrià-Sant Gervasi,108,26,ALHORA,Sant Gervasi – Galvany
Sarrià-Sant Gervasi,417,26,ALIANÇA.CAT,Sant Gervasi – Galvany
Sarrià-Sant Gervasi,5582,26,CAT-JUNTS+,Sant Gervasi – Galvany
Sarrià-Sant Gervasi,757,26,COMUNS SUMAR,Sant Gervasi – Galvany
Sarrià-Sant Gervasi,483,26,CUP - DT,Sant Gervasi – Galvany
Sarrià-Sant Gervasi,149,26,Cs,Sant Gervasi – Galvany
Sarrià-Sant Gervasi,1387,26,ERC,Sant Gervasi – Galvany
Sarrià-Sant Gervasi,32947,26,Electors,Sant Gervasi – Galvany
Sarrià-Sant Gervasi,28,26,FO,Sant Gervasi – Galvany
Sarrià-Sant Gervasi,2,26,IZQP - UNIDOS - DEf,Sant Gervasi – Galvany
Sarrià-Sant Gervasi,108,26,PACMA,Sant Gervasi – Galvany
Sarrià-Sant Gervasi,4,26,PCTC,Sant Gervasi – Galvany
Sarrià-Sant Gervasi,6813,26,PP,Sant Gervasi – Galvany
Sarrià-Sant Gervasi,4322,26,PSC,Sant Gervasi – Galvany
Sarrià-Sant Gervasi,12,26,PUM+J,Sant Gervasi – Galvany
Sarrià-Sant Gervasi,7,26,RECORTES CERO,Sant Gervasi – Galvany
Sarrià-Sant Gervasi,2064,26,VOX,Sant Gervasi – Galvany
Sarrià-Sant Gervasi,22582,26,Votants,Sant Gervasi – Galvany
Sarrià-Sant Gervasi,250,26,Vots blancs,Sant Gervasi – Galvany
Sarrià-Sant Gervasi,89,26,Vots nuls,Sant Gervasi – Galvany
Sarrià-Sant Gervasi,22493,26,Vots vàlids,Sant Gervasi – Galvany
Sarrià-Sant Gervasi,98,27,ALHORA,El Putxet i el Farró
Sarrià-Sant Gervasi,278,27,ALIANÇA.CAT,El Putxet i el Farró
Sarrià-Sant Gervasi,3958,27,CAT-JUNTS+,El Putxet i el Farró
Sarrià-Sant Gervasi,996,27,COMUNS SUMAR,El Putxet i el Farró
Sarrià-Sant Gervasi,544,27,CUP - DT,El Putxet i el Farró
Sarrià-Sant Gervasi,96,27,Cs,El Putxet i el Farró
Sarrià-Sant Gervasi,1428,27,ERC,El Putxet i el Farró
Sarrià-Sant Gervasi,20540,27,Electors,El Putxet i el Farró
Sarrià-Sant Gervasi,17,27,FO,El Putxet i el Farró
Sarrià-Sant Gervasi,4,27,IZQP - UNIDOS - DEf,El Putxet i el Farró
Sarrià-Sant Gervasi,111,27,PACMA,El Putxet i el Farró
Sarrià-Sant Gervasi,13,27,PCTC,El Putxet i el Farró
Sarrià-Sant Gervasi,2333,27,PP,El Putxet i el Farró
Sarrià-Sant Gervasi,2925,27,PSC,El Putxet i el Farró
Sarrià-Sant Gervasi,6,27,PUM+J,El Putxet i el Farró
Sarrià-Sant Gervasi,6,27,RECORTES CERO,El Putxet i el Farró
Sarrià-Sant Gervasi,904,27,VOX,El Putxet i el Farró
Sarrià-Sant Gervasi,13939,27,Votants,El Putxet i el Farró
Sarrià-Sant Gervasi,170,27,Vots blancs,El Putxet i el Farró
Sarrià-Sant Gervasi,52,27,Vots nuls,El Putxet i el Farró
Sarrià-Sant Gervasi,13887,27,Vots vàlids,El Putxet i el Farró
Gràcia,64,28,ALHORA,Vallcarca i els Penitents
Gràcia,139,28,ALIANÇA.CAT,Vallcarca i els Penitents
Gràcia,1974,28,CAT-JUNTS+,Vallcarca i els Penitents
Gràcia,650,28,COMUNS SUMAR,Vallcarca i els Penitents
Gràcia,429,28,CUP - DT,Vallcarca i els Penitents
Gràcia,39,28,Cs,Vallcarca i els Penitents
Gràcia,928,28,ERC,Vallcarca i els Penitents
Gràcia,11337,28,Electors,Vallcarca i els Penitents
Gràcia,10,28,FO,Vallcarca i els Penitents
Gràcia,0,28,IZQP - UNIDOS - DEf,Vallcarca i els Penitents
Gràcia,55,28,PACMA,Vallcarca i els Penitents
Gràcia,8,28,PCTC,Vallcarca i els Penitents
Gràcia,893,28,PP,Vallcarca i els Penitents
Gràcia,1666,28,PSC,Vallcarca i els Penitents
Gràcia,9,28,PUM+J,Vallcarca i els Penitents
Gràcia,2,28,RECORTES CERO,Vallcarca i els Penitents
Gràcia,396,28,VOX,Vallcarca i els Penitents
Gràcia,7357,28,Votants,Vallcarca i els Penitents
Gràcia,59,28,Vots blancs,Vallcarca i els Penitents
Gràcia,36,28,Vots nuls,Vallcarca i els Penitents
Gràcia,7321,28,Vots vàlids,Vallcarca i els Penitents
Gràcia,30,29,ALHORA,el Coll
Gràcia,47,29,ALIANÇA.CAT,el Coll
Gràcia,583,29,CAT-JUNTS+,el Coll
Gràcia,295,29,COMUNS SUMAR,el Coll
Gràcia,186,29,CUP - DT,el Coll
Gràcia,18,29,Cs,el Coll
Gràcia,385,29,ERC,el Coll
Gràcia,5296,29,Electors,el Coll
Gràcia,13,29,FO,el Coll
Gràcia,4,29,IZQP - UNIDOS - DEf,el Coll
Gràcia,40,29,PACMA,el Coll
Gràcia,6,29,PCTC,el Coll
Gràcia,281,29,PP,el Coll
Gràcia,745,29,PSC,el Coll
Gràcia,2,29,PUM+J,el Coll
Gràcia,3,29,RECORTES CERO,el Coll
Gràcia,154,29,VOX,el Coll
Gràcia,2829,29,Votants,el Coll
Gràcia,21,29,Vots blancs,el Coll
Gràcia,16,29,Vots nuls,el Coll
Gràcia,2813,29,Vots vàlids,el Coll
Gràcia,55,30,ALHORA,La Salut
Gràcia,119,30,ALIANÇA.CAT,La Salut
Gràcia,1758,30,CAT-JUNTS+,La Salut
Gràcia,552,30,COMUNS SUMAR,La Salut
Gràcia,403,30,CUP - DT,La Salut
Gràcia,32,30,Cs,La Salut
Gràcia,901,30,ERC,La Salut
Gràcia,9369,30,Electors,La Salut
Gràcia,9,30,FO,La Salut
Gràcia,2,30,IZQP - UNIDOS - DEf,La Salut
Gràcia,53,30,PACMA,La Salut
Gràcia,5,30,PCTC,La Salut
Gràcia,625,30,PP,La Salut
Gràcia,1278,30,PSC,La Salut
Gràcia,5,30,PUM+J,La Salut
Gràcia,3,30,RECORTES CERO,La Salut
Gràcia,283,30,VOX,La Salut
Gràcia,6160,30,Votants,La Salut
Gràcia,47,30,Vots blancs,La Salut
Gràcia,30,30,Vots nuls,La Salut
Gràcia,6130,30,Vots vàlids,La Salut
Gràcia,246,31,ALHORA,Vila de Gràcia
Gràcia,370,31,ALIANÇA.CAT,Vila de Gràcia
Gràcia,5240,31,CAT-JUNTS+,Vila de Gràcia
Gràcia,2888,31,COMUNS SUMAR,Vila de Gràcia
Gràcia,2125,31,CUP - DT,Vila de Gràcia
Gràcia,78,31,Cs,Vila de Gràcia
Gràcia,3013,31,ERC,Vila de Gràcia
Gràcia,32006,31,Electors,Vila de Gràcia
Gràcia,35,31,FO,Vila de Gràcia
Gràcia,4,31,IZQP - UNIDOS - DEf,Vila de Gràcia
Gràcia,182,31,PACMA,Vila de Gràcia
Gràcia,21,31,PCTC,Vila de Gràcia
Gràcia,1459,31,PP,Vila de Gràcia
Gràcia,4093,31,PSC,Vila de Gràcia
Gràcia,12,31,PUM+J,Vila de Gràcia
Gràcia,14,31,RECORTES CERO,Vila de Gràcia
Gràcia,590,31,VOX,Vila de Gràcia
Gràcia,20669,31,Votants,Vila de Gràcia
Gràcia,191,31,Vots blancs,Vila de Gràcia
Gràcia,108,31,Vots nuls,Vila de Gràcia
Gràcia,20561,31,Vots vàlids,Vila de Gràcia
Gràcia,154,32,ALHORA,Camp d'en Grassot i Gràcia Nova
Gràcia,354,32,ALIANÇA.CAT,Camp d'en Grassot i Gràcia Nova
Gràcia,4485,32,CAT-JUNTS+,Camp d'en Grassot i Gràcia Nova
Gràcia,1794,32,COMUNS SUMAR,Camp d'en Grassot i Gràcia Nova
Gràcia,1066,32,CUP - DT,Camp d'en Grassot i Gràcia Nova
Gràcia,78,32,Cs,Camp d'en Grassot i Gràcia Nova
Gràcia,2503,32,ERC,Camp d'en Grassot i Gràcia Nova
Gràcia,24303,32,Electors,Camp d'en Grassot i Gràcia Nova
Gràcia,35,32,FO,Camp d'en Grassot i Gràcia Nova
Gràcia,8,32,IZQP - UNIDOS - DEf,Camp d'en Grassot i Gràcia Nova
Gràcia,142,32,PACMA,Camp d'en Grassot i Gràcia Nova
Gràcia,13,32,PCTC,Camp d'en Grassot i Gràcia Nova
Gràcia,1500,32,PP,Camp d'en Grassot i Gràcia Nova
Gràcia,3630,32,PSC,Camp d'en Grassot i Gràcia Nova
Gràcia,3,32,PUM+J,Camp d'en Grassot i Gràcia Nova
Gràcia,10,32,RECORTES CERO,Camp d'en Grassot i Gràcia Nova
Gràcia,535,32,VOX,Camp d'en Grassot i Gràcia Nova
Gràcia,16540,32,Votants,Camp d'en Grassot i Gràcia Nova
Gràcia,148,32,Vots blancs,Camp d'en Grassot i Gràcia Nova
Gràcia,82,32,Vots nuls,Camp d'en Grassot i Gràcia Nova
Gràcia,16458,32,Vots vàlids,Camp d'en Grassot i Gràcia Nova
Horta-Guinardó,89,33,ALHORA,El Baix Guinardó
Horta-Guinardó,276,33,ALIANÇA.CAT,El Baix Guinardó
Horta-Guinardó,2467,33,CAT-JUNTS+,El Baix Guinardó
Horta-Guinardó,1063,33,COMUNS SUMAR,El Baix Guinardó
Horta-Guinardó,620,33,CUP - DT,El Baix Guinardó
Horta-Guinardó,76,33,Cs,El Baix Guinardó
Horta-Guinardó,1726,33,ERC,El Baix Guinardó
Horta-Guinardó,18267,33,Electors,El Baix Guinardó
Horta-Guinardó,29,33,FO,El Baix Guinardó
Horta-Guinardó,3,33,IZQP - UNIDOS - DEf,El Baix Guinardó
Horta-Guinardó,143,33,PACMA,El Baix Guinardó
Horta-Guinardó,9,33,PCTC,El Baix Guinardó
Horta-Guinardó,1232,33,PP,El Baix Guinardó
Horta-Guinardó,2950,33,PSC,El Baix Guinardó
Horta-Guinardó,6,33,PUM+J,El Baix Guinardó
Horta-Guinardó,15,33,RECORTES CERO,El Baix Guinardó
Horta-Guinardó,509,33,VOX,El Baix Guinardó
Horta-Guinardó,11384,33,Votants,El Baix Guinardó
Horta-Guinardó,102,33,Vots blancs,El Baix Guinardó
Horta-Guinardó,69,33,Vots nuls,El Baix Guinardó
Horta-Guinardó,11315,33,Vots vàlids,El Baix Guinardó
Horta-Guinardó,25,34,ALHORA,Can Baró
Horta-Guinardó,81,34,ALIANÇA.CAT,Can Baró
Horta-Guinardó,762,34,CAT-JUNTS+,Can Baró
Horta-Guinardó,385,34,COMUNS SUMAR,Can Baró
Horta-Guinardó,242,34,CUP - DT,Can Baró
Horta-Guinardó,24,34,Cs,Can Baró
Horta-Guinardó,552,34,ERC,Can Baró
Horta-Guinardó,6525,34,Electors,Can Baró
Horta-Guinardó,12,34,FO,Can Baró
Horta-Guinardó,1,34,IZQP - UNIDOS - DEf,Can Baró
Horta-Guinardó,55,34,PACMA,Can Baró
Horta-Guinardó,7,34,PCTC,Can Baró
Horta-Guinardó,367,34,PP,Can Baró
Horta-Guinardó,1072,34,PSC,Can Baró
Horta-Guinardó,2,34,PUM+J,Can Baró
Horta-Guinardó,3,34,RECORTES CERO,Can Baró
Horta-Guinardó,191,34,VOX,Can Baró
Horta-Guinardó,3857,34,Votants,Can Baró
Horta-Guinardó,40,34,Vots blancs,Can Baró
Horta-Guinardó,36,34,Vots nuls,Can Baró
Horta-Guinardó,3821,34,Vots vàlids,Can Baró
Horta-Guinardó,100,35,ALHORA,El Guinardó
Horta-Guinardó,342,35,ALIANÇA.CAT,El Guinardó
Horta-Guinardó,3327,35,CAT-JUNTS+,El Guinardó
Horta-Guinardó,1800,35,COMUNS SUMAR,El Guinardó
Horta-Guinardó,1015,35,CUP - DT,El Guinardó
Horta-Guinardó,108,35,Cs,El Guinardó
Horta-Guinardó,2475,35,ERC,El Guinardó
Horta-Guinardó,26242,35,Electors,El Guinardó
Horta-Guinardó,45,35,FO,El Guinardó
Horta-Guinardó,3,35,IZQP - UNIDOS - DEf,El Guinardó
Horta-Guinardó,192,35,PACMA,El Guinardó
Horta-Guinardó,23,35,PCTC,El Guinardó
Horta-Guinardó,1546,35,PP,El Guinardó
Horta-Guinardó,4097,35,PSC,El Guinardó
Horta-Guinardó,6,35,PUM+J,El Guinardó
Horta-Guinardó,16,35,RECORTES CERO,El Guinardó
Horta-Guinardó,784,35,VOX,El Guinardó
Horta-Guinardó,16095,35,Votants,El Guinardó
Horta-Guinardó,128,35,Vots blancs,El Guinardó
Horta-Guinardó,88,35,Vots nuls,El Guinardó
Horta-Guinardó,16007,35,Vots vàlids,El Guinardó
Horta-Guinardó,26,36,ALHORA,La Font d'en Fargues
Horta-Guinardó,126,36,ALIANÇA.CAT,La Font d'en Fargues
Horta-Guinardó,1218,36,CAT-JUNTS+,La Font d'en Fargues
Horta-Guinardó,450,36,COMUNS SUMAR,La Font d'en Fargues
Horta-Guinardó,247,36,CUP - DT,La Font d'en Fargues
Horta-Guinardó,35,36,Cs,La Font d'en Fargues
Horta-Guinardó,655,36,ERC,La Font d'en Fargues
Horta-Guinardó,7466,36,Electors,La Font d'en Fargues
Horta-Guinardó,15,36,FO,La Font d'en Fargues
Horta-Guinardó,2,36,IZQP - UNIDOS - DEf,La Font d'en Fargues
Horta-Guinardó,41,36,PACMA,La Font d'en Fargues
Horta-Guinardó,10,36,PCTC,La Font d'en Fargues
Horta-Guinardó,553,36,PP,La Font d'en Fargues
Horta-Guinardó,1302,36,PSC,La Font d'en Fargues
Horta-Guinardó,3,36,PUM+J,La Font d'en Fargues
Horta-Guinardó,4,36,RECORTES CERO,La Font d'en Fargues
Horta-Guinardó,225,36,VOX,La Font d'en Fargues
Horta-Guinardó,4988,36,Votants,La Font d'en Fargues
Horta-Guinardó,55,36,Vots blancs,La Font d'en Fargues
Horta-Guinardó,21,36,Vots nuls,La Font d'en Fargues
Horta-Guinardó,4967,36,Vots vàlids,La Font d'en Fargues
Horta-Guinardó,18,37,ALHORA,El Carmel
Horta-Guinardó,176,37,ALIANÇA.CAT,El Carmel
Horta-Guinardó,868,37,CAT-JUNTS+,El Carmel
Horta-Guinardó,805,37,COMUNS SUMAR,El Carmel
Horta-Guinardó,367,37,CUP - DT,El Carmel
Horta-Guinardó,116,37,Cs,El Carmel
Horta-Guinardó,1197,37,ERC,El Carmel
Horta-Guinardó,22189,37,Electors,El Carmel
Horta-Guinardó,53,37,FO,El Carmel
Horta-Guinardó,9,37,IZQP - UNIDOS - DEf,El Carmel
Horta-Guinardó,175,37,PACMA,El Carmel
Horta-Guinardó,15,37,PCTC,El Carmel
Horta-Guinardó,1609,37,PP,El Carmel
Horta-Guinardó,4604,37,PSC,El Carmel
Horta-Guinardó,11,37,PUM+J,El Carmel
Horta-Guinardó,22,37,RECORTES CERO,El Carmel
Horta-Guinardó,1155,37,VOX,El Carmel
Horta-Guinardó,11383,37,Votants,El Carmel
Horta-Guinardó,108,37,Vots blancs,El Carmel
Horta-Guinardó,75,37,Vots nuls,El Carmel
Horta-Guinardó,11308,37,Vots vàlids,El Carmel
Horta-Guinardó,11,38,ALHORA,La Teixonera
Horta-Guinardó,62,38,ALIANÇA.CAT,La Teixonera
Horta-Guinardó,441,38,CAT-JUNTS+,La Teixonera
Horta-Guinardó,383,38,COMUNS SUMAR,La Teixonera
Horta-Guinardó,150,38,CUP - DT,La Teixonera
Horta-Guinardó,43,38,Cs,La Teixonera
Horta-Guinardó,493,38,ERC,La Teixonera
Horta-Guinardó,8494,38,Electors,La Teixonera
Horta-Guinardó,18,38,FO,La Teixonera
Horta-Guinardó,7,38,IZQP - UNIDOS - DEf,La Teixonera
Horta-Guinardó,68,38,PACMA,La Teixonera
Horta-Guinardó,7,38,PCTC,La Teixonera
Horta-Guinardó,606,38,PP,La Teixonera
Horta-Guinardó,1779,38,PSC,La Teixonera
Horta-Guinardó,5,38,PUM+J,La Teixonera
Horta-Guinardó,8,38,RECORTES CERO,La Teixonera
Horta-Guinardó,373,38,VOX,La Teixonera
Horta-Guinardó,4523,38,Votants,La Teixonera
Horta-Guinardó,32,38,Vots blancs,La Teixonera
Horta-Guinardó,37,38,Vots nuls,La Teixonera
Horta-Guinardó,4486,38,Vots vàlids,La Teixonera
Horta-Guinardó,16,39,ALHORA,Sant Genís dels Agudells
Horta-Guinardó,45,39,ALIANÇA.CAT,Sant Genís dels Agudells
Horta-Guinardó,340,39,CAT-JUNTS+,Sant Genís dels Agudells
Horta-Guinardó,259,39,COMUNS SUMAR,Sant Genís dels Agudells
Horta-Guinardó,115,39,CUP - DT,Sant Genís dels Agudells
Horta-Guinardó,20,39,Cs,Sant Genís dels Agudells
Horta-Guinardó,347,39,ERC,Sant Genís dels Agudells
Horta-Guinardó,5154,39,Electors,Sant Genís dels Agudells
Horta-Guinardó,13,39,FO,Sant Genís dels Agudells
Horta-Guinardó,0,39,IZQP - UNIDOS - DEf,Sant Genís dels Agudells
Horta-Guinardó,48,39,PACMA,Sant Genís dels Agudells
Horta-Guinardó,3,39,PCTC,Sant Genís dels Agudells
Horta-Guinardó,334,39,PP,Sant Genís dels Agudells
Horta-Guinardó,928,39,PSC,Sant Genís dels Agudells
Horta-Guinardó,1,39,PUM+J,Sant Genís dels Agudells
Horta-Guinardó,1,39,RECORTES CERO,Sant Genís dels Agudells
Horta-Guinardó,203,39,VOX,Sant Genís dels Agudells
Horta-Guinardó,2716,39,Votants,Sant Genís dels Agudells
Horta-Guinardó,21,39,Vots blancs,Sant Genís dels Agudells
Horta-Guinardó,22,39,Vots nuls,Sant Genís dels Agudells
Horta-Guinardó,2694,39,Vots vàlids,Sant Genís dels Agudells
Horta-Guinardó,20,40,ALHORA,Montbau
Horta-Guinardó,36,40,ALIANÇA.CAT,Montbau
Horta-Guinardó,314,40,CAT-JUNTS+,Montbau
Horta-Guinardó,215,40,COMUNS SUMAR,Montbau
Horta-Guinardó,116,40,CUP - DT,Montbau
Horta-Guinardó,21,40,Cs,Montbau
Horta-Guinardó,293,40,ERC,Montbau
Horta-Guinardó,3750,40,Electors,Montbau
Horta-Guinardó,7,40,FO,Montbau
Horta-Guinardó,0,40,IZQP - UNIDOS - DEf,Montbau
Horta-Guinardó,35,40,PACMA,Montbau
Horta-Guinardó,4,40,PCTC,Montbau
Horta-Guinardó,233,40,PP,Montbau
Horta-Guinardó,620,40,PSC,Montbau
Horta-Guinardó,3,40,PUM+J,Montbau
Horta-Guinardó,5,40,RECORTES CERO,Montbau
Horta-Guinardó,151,40,VOX,Montbau
Horta-Guinardó,2101,40,Votants,Montbau
Horta-Guinardó,14,40,Vots blancs,Montbau
Horta-Guinardó,14,40,Vots nuls,Montbau
Horta-Guinardó,2087,40,Vots vàlids,Montbau
Horta-Guinardó,13,41,ALHORA,Vall d'Hebron
Horta-Guinardó,66,41,ALIANÇA.CAT,Vall d'Hebron
Horta-Guinardó,425,41,CAT-JUNTS+,Vall d'Hebron
Horta-Guinardó,218,41,COMUNS SUMAR,Vall d'Hebron
Horta-Guinardó,104,41,CUP - DT,Vall d'Hebron
Horta-Guinardó,35,41,Cs,Vall d'Hebron
Horta-Guinardó,344,41,ERC,Vall d'Hebron
Horta-Guinardó,4530,41,Electors,Vall d'Hebron
Horta-Guinardó,8,41,FO,Vall d'Hebron
Horta-Guinardó,1,41,IZQP - UNIDOS - DEf,Vall d'Hebron
Horta-Guinardó,31,41,PACMA,Vall d'Hebron
Horta-Guinardó,2,41,PCTC,Vall d'Hebron
Horta-Guinardó,506,41,PP,Vall d'Hebron
Horta-Guinardó,912,41,PSC,Vall d'Hebron
Horta-Guinardó,4,41,PUM+J,Vall d'Hebron
Horta-Guinardó,1,41,RECORTES CERO,Vall d'Hebron
Horta-Guinardó,209,41,VOX,Vall d'Hebron
Horta-Guinardó,2935,41,Votants,Vall d'Hebron
Horta-Guinardó,30,41,Vots blancs,Vall d'Hebron
Horta-Guinardó,26,41,Vots nuls,Vall d'Hebron
Horta-Guinardó,2909,41,Vots vàlids,Vall d'Hebron
Horta-Guinardó,1,42,ALHORA,La Clota
Horta-Guinardó,12,42,ALIANÇA.CAT,La Clota
Horta-Guinardó,60,42,CAT-JUNTS+,La Clota
Horta-Guinardó,64,42,COMUNS SUMAR,La Clota
Horta-Guinardó,26,42,CUP - DT,La Clota
Horta-Guinardó,4,42,Cs,La Clota
Horta-Guinardó,52,42,ERC,La Clota
Horta-Guinardó,577,42,Electors,La Clota
Horta-Guinardó,0,42,FO,La Clota
Horta-Guinardó,0,42,IZQP - UNIDOS - DEf,La Clota
Horta-Guinardó,6,42,PACMA,La Clota
Horta-Guinardó,0,42,PCTC,La Clota
Horta-Guinardó,18,42,PP,La Clota
Horta-Guinardó,114,42,PSC,La Clota
Horta-Guinardó,0,42,PUM+J,La Clota
Horta-Guinardó,1,42,RECORTES CERO,La Clota
Horta-Guinardó,13,42,VOX,La Clota
Horta-Guinardó,377,42,Votants,La Clota
Horta-Guinardó,4,42,Vots blancs,La Clota
Horta-Guinardó,2,42,Vots nuls,La Clota
Horta-Guinardó,375,42,Vots vàlids,La Clota
Horta-Guinardó,66,43,ALHORA,"""Horta, Barcelona"""
Horta-Guinardó,272,43,ALIANÇA.CAT,"""Horta, Barcelona"""
Horta-Guinardó,2184,43,CAT-JUNTS+,"""Horta, Barcelona"""
Horta-Guinardó,1210,43,COMUNS SUMAR,"""Horta, Barcelona"""
Horta-Guinardó,723,43,CUP - DT,"""Horta, Barcelona"""
Horta-Guinardó,89,43,Cs,"""Horta, Barcelona"""
Horta-Guinardó,1899,43,ERC,"""Horta, Barcelona"""
Horta-Guinardó,20407,43,Electors,"""Horta, Barcelona"""
Horta-Guinardó,39,43,FO,"""Horta, Barcelona"""
Horta-Guinardó,7,43,IZQP - UNIDOS - DEf,"""Horta, Barcelona"""
Horta-Guinardó,141,43,PACMA,"""Horta, Barcelona"""
Horta-Guinardó,21,43,PCTC,"""Horta, Barcelona"""
Horta-Guinardó,1330,43,PP,"""Horta, Barcelona"""
Horta-Guinardó,3451,43,PSC,"""Horta, Barcelona"""
Horta-Guinardó,14,43,PUM+J,"""Horta, Barcelona"""
Horta-Guinardó,16,43,RECORTES CERO,"""Horta, Barcelona"""
Horta-Guinardó,718,43,VOX,"""Horta, Barcelona"""
Horta-Guinardó,12378,43,Votants,"""Horta, Barcelona"""
Horta-Guinardó,130,43,Vots blancs,"""Horta, Barcelona"""
Horta-Guinardó,68,43,Vots nuls,"""Horta, Barcelona"""
Horta-Guinardó,12310,43,Vots vàlids,"""Horta, Barcelona"""
Nou Barris,40,44,ALHORA,Vilapicina i la Torre Llobeta
Nou Barris,225,44,ALIANÇA.CAT,Vilapicina i la Torre Llobeta
Nou Barris,1567,44,CAT-JUNTS+,Vilapicina i la Torre Llobeta
Nou Barris,985,44,COMUNS SUMAR,Vilapicina i la Torre Llobeta
Nou Barris,449,44,CUP - DT,Vilapicina i la Torre Llobeta
Nou Barris,98,44,Cs,Vilapicina i la Torre Llobeta
Nou Barris,1534,44,ERC,Vilapicina i la Torre Llobeta
Nou Barris,18699,44,Electors,Vilapicina i la Torre Llobeta
Nou Barris,34,44,FO,Vilapicina i la Torre Llobeta
Nou Barris,5,44,IZQP - UNIDOS - DEf,Vilapicina i la Torre Llobeta
Nou Barris,127,44,PACMA,Vilapicina i la Torre Llobeta
Nou Barris,17,44,PCTC,Vilapicina i la Torre Llobeta
Nou Barris,1518,44,PP,Vilapicina i la Torre Llobeta
Nou Barris,3605,44,PSC,Vilapicina i la Torre Llobeta
Nou Barris,16,44,PUM+J,Vilapicina i la Torre Llobeta
Nou Barris,9,44,RECORTES CERO,Vilapicina i la Torre Llobeta
Nou Barris,735,44,VOX,Vilapicina i la Torre Llobeta
Nou Barris,11105,44,Votants,Vilapicina i la Torre Llobeta
Nou Barris,76,44,Vots blancs,Vilapicina i la Torre Llobeta
Nou Barris,65,44,Vots nuls,Vilapicina i la Torre Llobeta
Nou Barris,11040,44,Vots vàlids,Vilapicina i la Torre Llobeta
Nou Barris,26,45,ALHORA,Porta
Nou Barris,200,45,ALIANÇA.CAT,Porta
Nou Barris,975,45,CAT-JUNTS+,Porta
Nou Barris,855,45,COMUNS SUMAR,Porta
Nou Barris,311,45,CUP - DT,Porta
Nou Barris,104,45,Cs,Porta
Nou Barris,1220,45,ERC,Porta
Nou Barris,18477,45,Electors,Porta
Nou Barris,37,45,FO,Porta
Nou Barris,3,45,IZQP - UNIDOS - DEf,Porta
Nou Barris,159,45,PACMA,Porta
Nou Barris,17,45,PCTC,Porta
Nou Barris,1365,45,PP,Porta
Nou Barris,3623,45,PSC,Porta
Nou Barris,8,45,PUM+J,Porta
Nou Barris,15,45,RECORTES CERO,Porta
Nou Barris,847,45,VOX,Porta
Nou Barris,9896,45,Votants,Porta
Nou Barris,74,45,Vots blancs,Porta
Nou Barris,57,45,Vots nuls,Porta
Nou Barris,9839,45,Vots vàlids,Porta
Nou Barris,11,46,ALHORA,El Turó de la Peira
Nou Barris,116,46,ALIANÇA.CAT,El Turó de la Peira
Nou Barris,503,46,CAT-JUNTS+,El Turó de la Peira
Nou Barris,419,46,COMUNS SUMAR,El Turó de la Peira
Nou Barris,197,46,CUP - DT,El Turó de la Peira
Nou Barris,38,46,Cs,El Turó de la Peira
Nou Barris,630,46,ERC,El Turó de la Peira
Nou Barris,10400,46,Electors,El Turó de la Peira
Nou Barris,27,46,FO,El Turó de la Peira
Nou Barris,8,46,IZQP - UNIDOS - DEf,El Turó de la Peira
Nou Barris,55,46,PACMA,El Turó de la Peira
Nou Barris,17,46,PCTC,El Turó de la Peira
Nou Barris,621,46,PP,El Turó de la Peira
Nou Barris,1951,46,PSC,El Turó de la Peira
Nou Barris,5,46,PUM+J,El Turó de la Peira
Nou Barris,8,46,RECORTES CERO,El Turó de la Peira
Nou Barris,401,46,VOX,El Turó de la Peira
Nou Barris,5110,46,Votants,El Turó de la Peira
Nou Barris,63,46,Vots blancs,El Turó de la Peira
Nou Barris,40,46,Vots nuls,El Turó de la Peira
Nou Barris,5070,46,Vots vàlids,El Turó de la Peira
Nou Barris,0,47,ALHORA,Can Peguera
Nou Barris,8,47,ALIANÇA.CAT,Can Peguera
Nou Barris,70,47,CAT-JUNTS+,Can Peguera
Nou Barris,48,47,COMUNS SUMAR,Can Peguera
Nou Barris,32,47,CUP - DT,Can Peguera
Nou Barris,3,47,Cs,Can Peguera
Nou Barris,93,47,ERC,Can Peguera
Nou Barris,1655,47,Electors,Can Peguera
Nou Barris,5,47,FO,Can Peguera
Nou Barris,0,47,IZQP - UNIDOS - DEf,Can Peguera
Nou Barris,15,47,PACMA,Can Peguera
Nou Barris,1,47,PCTC,Can Peguera
Nou Barris,64,47,PP,Can Peguera
Nou Barris,256,47,PSC,Can Peguera
Nou Barris,2,47,PUM+J,Can Peguera
Nou Barris,0,47,RECORTES CERO,Can Peguera
Nou Barris,79,47,VOX,Can Peguera
Nou Barris,692,47,Votants,Can Peguera
Nou Barris,8,47,Vots blancs,Can Peguera
Nou Barris,8,47,Vots nuls,Can Peguera
Nou Barris,684,47,Vots vàlids,Can Peguera
Nou Barris,26,48,ALHORA,La Guineueta
Nou Barris,120,48,ALIANÇA.CAT,La Guineueta
Nou Barris,816,48,CAT-JUNTS+,La Guineueta
Nou Barris,566,48,COMUNS SUMAR,La Guineueta
Nou Barris,234,48,CUP - DT,La Guineueta
Nou Barris,81,48,Cs,La Guineueta
Nou Barris,864,48,ERC,La Guineueta
Nou Barris,11639,48,Electors,La Guineueta
Nou Barris,30,48,FO,La Guineueta
Nou Barris,3,48,IZQP - UNIDOS - DEf,La Guineueta
Nou Barris,89,48,PACMA,La Guineueta
Nou Barris,12,48,PCTC,La Guineueta
Nou Barris,1099,48,PP,La Guineueta
Nou Barris,2509,48,PSC,La Guineueta
Nou Barris,5,48,PUM+J,La Guineueta
Nou Barris,6,48,RECORTES CERO,La Guineueta
Nou Barris,583,48,VOX,La Guineueta
Nou Barris,7162,48,Votants,La Guineueta
Nou Barris,71,48,Vots blancs,La Guineueta
Nou Barris,48,48,Vots nuls,La Guineueta
Nou Barris,7114,48,Vots vàlids,La Guineueta
Nou Barris,4,49,ALHORA,Canyelles
Nou Barris,48,49,ALIANÇA.CAT,Canyelles
Nou Barris,239,49,CAT-JUNTS+,Canyelles
Nou Barris,214,49,COMUNS SUMAR,Canyelles
Nou Barris,81,49,CUP - DT,Canyelles
Nou Barris,36,49,Cs,Canyelles
Nou Barris,344,49,ERC,Canyelles
Nou Barris,5441,49,Electors,Canyelles
Nou Barris,15,49,FO,Canyelles
Nou Barris,3,49,IZQP - UNIDOS - DEf,Canyelles
Nou Barris,42,49,PACMA,Canyelles
Nou Barris,6,49,PCTC,Canyelles
Nou Barris,458,49,PP,Canyelles
Nou Barris,1389,49,PSC,Canyelles
Nou Barris,1,49,PUM+J,Canyelles
Nou Barris,3,49,RECORTES CERO,Canyelles
Nou Barris,341,49,VOX,Canyelles
Nou Barris,3275,49,Votants,Canyelles
Nou Barris,25,49,Vots blancs,Canyelles
Nou Barris,26,49,Vots nuls,Canyelles
Nou Barris,3249,49,Vots vàlids,Canyelles
Nou Barris,5,50,ALHORA,Les Roquetes
Nou Barris,57,50,ALIANÇA.CAT,Les Roquetes
Nou Barris,249,50,CAT-JUNTS+,Les Roquetes
Nou Barris,329,50,COMUNS SUMAR,Les Roquetes
Nou Barris,140,50,CUP - DT,Les Roquetes
Nou Barris,43,50,Cs,Les Roquetes
Nou Barris,384,50,ERC,Les Roquetes
Nou Barris,10196,50,Electors,Les Roquetes
Nou Barris,19,50,FO,Les Roquetes
Nou Barris,3,50,IZQP - UNIDOS - DEf,Les Roquetes
Nou Barris,66,50,PACMA,Les Roquetes
Nou Barris,10,50,PCTC,Les Roquetes
Nou Barris,617,50,PP,Les Roquetes
Nou Barris,1923,50,PSC,Les Roquetes
Nou Barris,8,50,PUM+J,Les Roquetes
Nou Barris,6,50,RECORTES CERO,Les Roquetes
Nou Barris,612,50,VOX,Les Roquetes
Nou Barris,4539,50,Votants,Les Roquetes
Nou Barris,42,50,Vots blancs,Les Roquetes
Nou Barris,26,50,Vots nuls,Les Roquetes
Nou Barris,4513,50,Vots vàlids,Les Roquetes
Nou Barris,6,51,ALHORA,Verdun
Nou Barris,72,51,ALIANÇA.CAT,Verdun
Nou Barris,279,51,CAT-JUNTS+,Verdun
Nou Barris,319,51,COMUNS SUMAR,Verdun
Nou Barris,107,51,CUP - DT,Verdun
Nou Barris,50,51,Cs,Verdun
Nou Barris,391,51,ERC,Verdun
Nou Barris,8440,51,Electors,Verdun
Nou Barris,25,51,FO,Verdun
Nou Barris,2,51,IZQP - UNIDOS - DEf,Verdun
Nou Barris,72,51,PACMA,Verdun
Nou Barris,5,51,PCTC,Verdun
Nou Barris,561,51,PP,Verdun
Nou Barris,1646,51,PSC,Verdun
Nou Barris,6,51,PUM+J,Verdun
Nou Barris,7,51,RECORTES CERO,Verdun
Nou Barris,454,51,VOX,Verdun
Nou Barris,4064,51,Votants,Verdun
Nou Barris,32,51,Vots blancs,Verdun
Nou Barris,30,51,Vots nuls,Verdun
Nou Barris,4034,51,Vots vàlids,Verdun
Nou Barris,18,52,ALHORA,La Prosperitat
Nou Barris,107,52,ALIANÇA.CAT,La Prosperitat
Nou Barris,657,52,CAT-JUNTS+,La Prosperitat
Nou Barris,926,52,COMUNS SUMAR,La Prosperitat
Nou Barris,308,52,CUP - DT,La Prosperitat
Nou Barris,113,52,Cs,La Prosperitat
Nou Barris,1092,52,ERC,La Prosperitat
Nou Barris,18980,52,Electors,La Prosperitat
Nou Barris,41,52,FO,La Prosperitat
Nou Barris,3,52,IZQP - UNIDOS - DEf,La Prosperitat
Nou Barris,129,52,PACMA,La Prosperitat
Nou Barris,14,52,PCTC,La Prosperitat
Nou Barris,1464,52,PP,La Prosperitat
Nou Barris,3937,52,PSC,La Prosperitat
Nou Barris,11,52,PUM+J,La Prosperitat
Nou Barris,21,52,RECORTES CERO,La Prosperitat
Nou Barris,873,52,VOX,La Prosperitat
Nou Barris,9892,52,Votants,La Prosperitat
Nou Barris,94,52,Vots blancs,La Prosperitat
Nou Barris,84,52,Vots nuls,La Prosperitat
Nou Barris,9808,52,Vots vàlids,La Prosperitat
Nou Barris,2,53,ALHORA,La Trinitat Nova
Nou Barris,31,53,ALIANÇA.CAT,La Trinitat Nova
Nou Barris,143,53,CAT-JUNTS+,La Trinitat Nova
Nou Barris,174,53,COMUNS SUMAR,La Trinitat Nova
Nou Barris,53,53,CUP - DT,La Trinitat Nova
Nou Barris,27,53,Cs,La Trinitat Nova
Nou Barris,217,53,ERC,La Trinitat Nova
Nou Barris,4898,53,Electors,La Trinitat Nova
Nou Barris,7,53,FO,La Trinitat Nova
Nou Barris,0,53,IZQP - UNIDOS - DEf,La Trinitat Nova
Nou Barris,26,53,PACMA,La Trinitat Nova
Nou Barris,1,53,PCTC,La Trinitat Nova
Nou Barris,209,53,PP,La Trinitat Nova
Nou Barris,781,53,PSC,La Trinitat Nova
Nou Barris,0,53,PUM+J,La Trinitat Nova
Nou Barris,4,53,RECORTES CERO,La Trinitat Nova
Nou Barris,305,53,VOX,La Trinitat Nova
Nou Barris,2009,53,Votants,La Trinitat Nova
Nou Barris,26,53,Vots blancs,La Trinitat Nova
Nou Barris,3,53,Vots nuls,La Trinitat Nova
Nou Barris,2006,53,Vots vàlids,La Trinitat Nova
Nou Barris,0,54,ALHORA,Torre Baró
Nou Barris,9,54,ALIANÇA.CAT,Torre Baró
Nou Barris,49,54,CAT-JUNTS+,Torre Baró
Nou Barris,63,54,COMUNS SUMAR,Torre Baró
Nou Barris,22,54,CUP - DT,Torre Baró
Nou Barris,6,54,Cs,Torre Baró
Nou Barris,50,54,ERC,Torre Baró
Nou Barris,1916,54,Electors,Torre Baró
Nou Barris,2,54,FO,Torre Baró
Nou Barris,0,54,IZQP - UNIDOS - DEf,Torre Baró
Nou Barris,6,54,PACMA,Torre Baró
Nou Barris,0,54,PCTC,Torre Baró
Nou Barris,84,54,PP,Torre Baró
Nou Barris,327,54,PSC,Torre Baró
Nou Barris,2,54,PUM+J,Torre Baró
Nou Barris,4,54,RECORTES CERO,Torre Baró
Nou Barris,145,54,VOX,Torre Baró
Nou Barris,780,54,Votants,Torre Baró
Nou Barris,7,54,Vots blancs,Torre Baró
Nou Barris,4,54,Vots nuls,Torre Baró
Nou Barris,776,54,Vots vàlids,Torre Baró
Nou Barris,2,55,ALHORA,Ciutat Meridiana
Nou Barris,24,55,ALIANÇA.CAT,Ciutat Meridiana
Nou Barris,126,55,CAT-JUNTS+,Ciutat Meridiana
Nou Barris,132,55,COMUNS SUMAR,Ciutat Meridiana
Nou Barris,28,55,CUP - DT,Ciutat Meridiana
Nou Barris,22,55,Cs,Ciutat Meridiana
Nou Barris,197,55,ERC,Ciutat Meridiana
Nou Barris,6084,55,Electors,Ciutat Meridiana
Nou Barris,18,55,FO,Ciutat Meridiana
Nou Barris,4,55,IZQP - UNIDOS - DEf,Ciutat Meridiana
Nou Barris,12,55,PACMA,Ciutat Meridiana
Nou Barris,3,55,PCTC,Ciutat Meridiana
Nou Barris,341,55,PP,Ciutat Meridiana
Nou Barris,1212,55,PSC,Ciutat Meridiana
Nou Barris,4,55,PUM+J,Ciutat Meridiana
Nou Barris,2,55,RECORTES CERO,Ciutat Meridiana
Nou Barris,321,55,VOX,Ciutat Meridiana
Nou Barris,2490,55,Votants,Ciutat Meridiana
Nou Barris,21,55,Vots blancs,Ciutat Meridiana
Nou Barris,21,55,Vots nuls,Ciutat Meridiana
Nou Barris,2469,55,Vots vàlids,Ciutat Meridiana
Nou Barris,0,56,ALHORA,Vallbona
Nou Barris,4,56,ALIANÇA.CAT,Vallbona
Nou Barris,21,56,CAT-JUNTS+,Vallbona
Nou Barris,24,56,COMUNS SUMAR,Vallbona
Nou Barris,10,56,CUP - DT,Vallbona
Nou Barris,0,56,Cs,Vallbona
Nou Barris,32,56,ERC,Vallbona
Nou Barris,948,56,Electors,Vallbona
Nou Barris,0,56,FO,Vallbona
Nou Barris,0,56,IZQP - UNIDOS - DEf,Vallbona
Nou Barris,9,56,PACMA,Vallbona
Nou Barris,0,56,PCTC,Vallbona
Nou Barris,52,56,PP,Vallbona
Nou Barris,171,56,PSC,Vallbona
Nou Barris,1,56,PUM+J,Vallbona
Nou Barris,1,56,RECORTES CERO,Vallbona
Nou Barris,46,56,VOX,Vallbona
Nou Barris,377,56,Votants,Vallbona
Nou Barris,4,56,Vots blancs,Vallbona
Nou Barris,2,56,Vots nuls,Vallbona
Nou Barris,375,56,Vots vàlids,Vallbona
Sant Andreu,3,57,ALHORA,Trinitat Vella
Sant Andreu,33,57,ALIANÇA.CAT,Trinitat Vella
Sant Andreu,186,57,CAT-JUNTS+,Trinitat Vella
Sant Andreu,208,57,COMUNS SUMAR,Trinitat Vella
Sant Andreu,41,57,CUP - DT,Trinitat Vella
Sant Andreu,33,57,Cs,Trinitat Vella
Sant Andreu,206,57,ERC,Trinitat Vella
Sant Andreu,5878,57,Electors,Trinitat Vella
Sant Andreu,9,57,FO,Trinitat Vella
Sant Andreu,0,57,IZQP - UNIDOS - DEf,Trinitat Vella
Sant Andreu,27,57,PACMA,Trinitat Vella
Sant Andreu,5,57,PCTC,Trinitat Vella
Sant Andreu,307,57,PP,Trinitat Vella
Sant Andreu,983,57,PSC,Trinitat Vella
Sant Andreu,4,57,PUM+J,Trinitat Vella
Sant Andreu,1,57,RECORTES CERO,Trinitat Vella
Sant Andreu,304,57,VOX,Trinitat Vella
Sant Andreu,2378,57,Votants,Trinitat Vella
Sant Andreu,13,57,Vots blancs,Trinitat Vella
Sant Andreu,15,57,Vots nuls,Trinitat Vella
Sant Andreu,2363,57,Vots vàlids,Trinitat Vella
Sant Andreu,0,58,ALHORA,Baró de Viver
Sant Andreu,5,58,ALIANÇA.CAT,Baró de Viver
Sant Andreu,54,58,CAT-JUNTS+,Baró de Viver
Sant Andreu,39,58,COMUNS SUMAR,Baró de Viver
Sant Andreu,12,58,CUP - DT,Baró de Viver
Sant Andreu,5,58,Cs,Baró de Viver
Sant Andreu,84,58,ERC,Baró de Viver
Sant Andreu,1774,58,Electors,Baró de Viver
Sant Andreu,5,58,FO,Baró de Viver
Sant Andreu,0,58,IZQP - UNIDOS - DEf,Baró de Viver
Sant Andreu,9,58,PACMA,Baró de Viver
Sant Andreu,2,58,PCTC,Baró de Viver
Sant Andreu,60,58,PP,Baró de Viver
Sant Andreu,350,58,PSC,Baró de Viver
Sant Andreu,1,58,PUM+J,Baró de Viver
Sant Andreu,0,58,RECORTES CERO,Baró de Viver
Sant Andreu,133,58,VOX,Baró de Viver
Sant Andreu,774,58,Votants,Baró de Viver
Sant Andreu,8,58,Vots blancs,Baró de Viver
Sant Andreu,7,58,Vots nuls,Baró de Viver
Sant Andreu,767,58,Vots vàlids,Baró de Viver
Sant Andreu,7,59,ALHORA,Bon Pastor
Sant Andreu,74,59,ALIANÇA.CAT,Bon Pastor
Sant Andreu,496,59,CAT-JUNTS+,Bon Pastor
Sant Andreu,390,59,COMUNS SUMAR,Bon Pastor
Sant Andreu,85,59,CUP - DT,Bon Pastor
Sant Andreu,46,59,Cs,Bon Pastor
Sant Andreu,569,59,ERC,Bon Pastor
Sant Andreu,8775,59,Electors,Bon Pastor
Sant Andreu,13,59,FO,Bon Pastor
Sant Andreu,0,59,IZQP - UNIDOS - DEf,Bon Pastor
Sant Andreu,51,59,PACMA,Bon Pastor
Sant Andreu,1,59,PCTC,Bon Pastor
Sant Andreu,444,59,PP,Bon Pastor
Sant Andreu,1733,59,PSC,Bon Pastor
Sant Andreu,9,59,PUM+J,Bon Pastor
Sant Andreu,6,59,RECORTES CERO,Bon Pastor
Sant Andreu,444,59,VOX,Bon Pastor
Sant Andreu,4449,59,Votants,Bon Pastor
Sant Andreu,54,59,Vots blancs,Bon Pastor
Sant Andreu,27,59,Vots nuls,Bon Pastor
Sant Andreu,4422,59,Vots vàlids,Bon Pastor
Sant Andreu,101,60,ALHORA,Sant Andreu de Palomar
Sant Andreu,626,60,ALIANÇA.CAT,Sant Andreu de Palomar
Sant Andreu,4828,60,CAT-JUNTS+,Sant Andreu de Palomar
Sant Andreu,2759,60,COMUNS SUMAR,Sant Andreu de Palomar
Sant Andreu,1392,60,CUP - DT,Sant Andreu de Palomar
Sant Andreu,226,60,Cs,Sant Andreu de Palomar
Sant Andreu,4569,60,ERC,Sant Andreu de Palomar
Sant Andreu,43922,60,Electors,Sant Andreu de Palomar
Sant Andreu,82,60,FO,Sant Andreu de Palomar
Sant Andreu,14,60,IZQP - UNIDOS - DEf,Sant Andreu de Palomar
Sant Andreu,358,60,PACMA,Sant Andreu de Palomar
Sant Andreu,35,60,PCTC,Sant Andreu de Palomar
Sant Andreu,3226,60,PP,Sant Andreu de Palomar
Sant Andreu,8623,60,PSC,Sant Andreu de Palomar
Sant Andreu,14,60,PUM+J,Sant Andreu de Palomar
Sant Andreu,45,60,RECORTES CERO,Sant Andreu de Palomar
Sant Andreu,1486,60,VOX,Sant Andreu de Palomar
Sant Andreu,28840,60,Votants,Sant Andreu de Palomar
Sant Andreu,256,60,Vots blancs,Sant Andreu de Palomar
Sant Andreu,200,60,Vots nuls,Sant Andreu de Palomar
Sant Andreu,28640,60,Vots vàlids,Sant Andreu de Palomar
Sant Andreu,58,61,ALHORA,La Sagrera
Sant Andreu,244,61,ALIANÇA.CAT,La Sagrera
Sant Andreu,1941,61,CAT-JUNTS+,La Sagrera
Sant Andreu,1138,61,COMUNS SUMAR,La Sagrera
Sant Andreu,552,61,CUP - DT,La Sagrera
Sant Andreu,122,61,Cs,La Sagrera
Sant Andreu,1914,61,ERC,La Sagrera
Sant Andreu,21213,61,Electors,La Sagrera
Sant Andreu,29,61,FO,La Sagrera
Sant Andreu,6,61,IZQP - UNIDOS - DEf,La Sagrera
Sant Andreu,142,61,PACMA,La Sagrera
Sant Andreu,15,61,PCTC,La Sagrera
Sant Andreu,1871,61,PP,La Sagrera
Sant Andreu,4272,61,PSC,La Sagrera
Sant Andreu,13,61,PUM+J,La Sagrera
Sant Andreu,17,61,RECORTES CERO,La Sagrera
Sant Andreu,868,61,VOX,La Sagrera
Sant Andreu,13362,61,Votants,La Sagrera
Sant Andreu,95,61,Vots blancs,La Sagrera
Sant Andreu,65,61,Vots nuls,La Sagrera
Sant Andreu,13297,61,Vots vàlids,La Sagrera
Sant Andreu,30,62,ALHORA,El Congrés i els Indians
Sant Andreu,171,62,ALIANÇA.CAT,El Congrés i els Indians
Sant Andreu,1200,62,CAT-JUNTS+,El Congrés i els Indians
Sant Andreu,700,62,COMUNS SUMAR,El Congrés i els Indians
Sant Andreu,386,62,CUP - DT,El Congrés i els Indians
Sant Andreu,42,62,Cs,El Congrés i els Indians
Sant Andreu,1022,62,ERC,El Congrés i els Indians
Sant Andreu,10432,62,Electors,El Congrés i els Indians
Sant Andreu,19,62,FO,El Congrés i els Indians
Sant Andreu,3,62,IZQP - UNIDOS - DEf,El Congrés i els Indians
Sant Andreu,104,62,PACMA,El Congrés i els Indians
Sant Andreu,16,62,PCTC,El Congrés i els Indians
Sant Andreu,622,62,PP,El Congrés i els Indians
Sant Andreu,1799,62,PSC,El Congrés i els Indians
Sant Andreu,9,62,PUM+J,El Congrés i els Indians
Sant Andreu,9,62,RECORTES CERO,El Congrés i els Indians
Sant Andreu,314,62,VOX,El Congrés i els Indians
Sant Andreu,6542,62,Votants,El Congrés i els Indians
Sant Andreu,56,62,Vots blancs,El Congrés i els Indians
Sant Andreu,40,62,Vots nuls,El Congrés i els Indians
Sant Andreu,6502,62,Vots vàlids,El Congrés i els Indians
Sant Andreu,45,63,ALHORA,Navas
Sant Andreu,222,63,ALIANÇA.CAT,Navas
Sant Andreu,1864,63,CAT-JUNTS+,Navas
Sant Andreu,883,63,COMUNS SUMAR,Navas
Sant Andreu,414,63,CUP - DT,Navas
Sant Andreu,83,63,Cs,Navas
Sant Andreu,1542,63,ERC,Navas
Sant Andreu,15804,63,Electors,Navas
Sant Andreu,20,63,FO,Navas
Sant Andreu,5,63,IZQP - UNIDOS - DEf,Navas
Sant Andreu,117,63,PACMA,Navas
Sant Andreu,14,63,PCTC,Navas
Sant Andreu,1178,63,PP,Navas
Sant Andreu,2941,63,PSC,Navas
Sant Andreu,8,63,PUM+J,Navas
Sant Andreu,13,63,RECORTES CERO,Navas
Sant Andreu,558,63,VOX,Navas
Sant Andreu,10068,63,Votants,Navas
Sant Andreu,94,63,Vots blancs,Navas
Sant Andreu,67,63,Vots nuls,Navas
Sant Andreu,10001,63,Vots vàlids,Navas
Sant Martí,121,64,ALHORA,El Camp de l'Arpa del Clot
Sant Martí,414,64,ALIANÇA.CAT,El Camp de l'Arpa del Clot
Sant Martí,3588,64,CAT-JUNTS+,El Camp de l'Arpa del Clot
Sant Martí,1548,64,COMUNS SUMAR,El Camp de l'Arpa del Clot
Sant Martí,954,64,CUP - DT,El Camp de l'Arpa del Clot
Sant Martí,93,64,Cs,El Camp de l'Arpa del Clot
Sant Martí,2643,64,ERC,El Camp de l'Arpa del Clot
Sant Martí,26066,64,Electors,El Camp de l'Arpa del Clot
Sant Martí,40,64,FO,El Camp de l'Arpa del Clot
Sant Martí,4,64,IZQP - UNIDOS - DEf,El Camp de l'Arpa del Clot
Sant Martí,171,64,PACMA,El Camp de l'Arpa del Clot
Sant Martí,22,64,PCTC,El Camp de l'Arpa del Clot
Sant Martí,1687,64,PP,El Camp de l'Arpa del Clot
Sant Martí,4273,64,PSC,El Camp de l'Arpa del Clot
Sant Martí,10,64,PUM+J,El Camp de l'Arpa del Clot
Sant Martí,15,64,RECORTES CERO,El Camp de l'Arpa del Clot
Sant Martí,761,64,VOX,El Camp de l'Arpa del Clot
Sant Martí,16593,64,Votants,El Camp de l'Arpa del Clot
Sant Martí,129,64,Vots blancs,El Camp de l'Arpa del Clot
Sant Martí,120,64,Vots nuls,El Camp de l'Arpa del Clot
Sant Martí,16473,64,Vots vàlids,El Camp de l'Arpa del Clot
Sant Martí,67,65,ALHORA,El Clot
Sant Martí,287,65,ALIANÇA.CAT,El Clot
Sant Martí,1946,65,CAT-JUNTS+,El Clot
Sant Martí,1130,65,COMUNS SUMAR,El Clot
Sant Martí,654,65,CUP - DT,El Clot
Sant Martí,100,65,Cs,El Clot
Sant Martí,1802,65,ERC,El Clot
Sant Martí,18635,65,Electors,El Clot
Sant Martí,50,65,FO,El Clot
Sant Martí,14,65,IZQP - UNIDOS - DEf,El Clot
Sant Martí,121,65,PACMA,El Clot
Sant Martí,31,65,PCTC,El Clot
Sant Martí,1436,65,PP,El Clot
Sant Martí,3566,65,PSC,El Clot
Sant Martí,14,65,PUM+J,El Clot
Sant Martí,10,65,RECORTES CERO,El Clot
Sant Martí,669,65,VOX,El Clot
Sant Martí,12076,65,Votants,El Clot
Sant Martí,115,65,Vots blancs,El Clot
Sant Martí,64,65,Vots nuls,El Clot
Sant Martí,12012,65,Vots vàlids,El Clot
Sant Martí,35,66,ALHORA,El Parc i la Llacuna del Poblenou
Sant Martí,151,66,ALIANÇA.CAT,El Parc i la Llacuna del Poblenou
Sant Martí,1161,66,CAT-JUNTS+,El Parc i la Llacuna del Poblenou
Sant Martí,717,66,COMUNS SUMAR,El Parc i la Llacuna del Poblenou
Sant Martí,297,66,CUP - DT,El Parc i la Llacuna del Poblenou
Sant Martí,43,66,Cs,El Parc i la Llacuna del Poblenou
Sant Martí,946,66,ERC,El Parc i la Llacuna del Poblenou
Sant Martí,10221,66,Electors,El Parc i la Llacuna del Poblenou
Sant Martí,19,66,FO,El Parc i la Llacuna del Poblenou
Sant Martí,3,66,IZQP - UNIDOS - DEf,El Parc i la Llacuna del Poblenou
Sant Martí,61,66,PACMA,El Parc i la Llacuna del Poblenou
Sant Martí,4,66,PCTC,El Parc i la Llacuna del Poblenou
Sant Martí,735,66,PP,El Parc i la Llacuna del Poblenou
Sant Martí,1838,66,PSC,El Parc i la Llacuna del Poblenou
Sant Martí,6,66,PUM+J,El Parc i la Llacuna del Poblenou
Sant Martí,5,66,RECORTES CERO,El Parc i la Llacuna del Poblenou
Sant Martí,359,66,VOX,El Parc i la Llacuna del Poblenou
Sant Martí,6467,66,Votants,El Parc i la Llacuna del Poblenou
Sant Martí,53,66,Vots blancs,El Parc i la Llacuna del Poblenou
Sant Martí,34,66,Vots nuls,El Parc i la Llacuna del Poblenou
Sant Martí,6433,66,Vots vàlids,El Parc i la Llacuna del Poblenou
Sant Martí,40,67,ALHORA,La Vila Olímpica del Poblenou
Sant Martí,89,67,ALIANÇA.CAT,La Vila Olímpica del Poblenou
Sant Martí,1127,67,CAT-JUNTS+,La Vila Olímpica del Poblenou
Sant Martí,438,67,COMUNS SUMAR,La Vila Olímpica del Poblenou
Sant Martí,230,67,CUP - DT,La Vila Olímpica del Poblenou
Sant Martí,29,67,Cs,La Vila Olímpica del Poblenou
Sant Martí,494,67,ERC,La Vila Olímpica del Poblenou
Sant Martí,6153,67,Electors,La Vila Olímpica del Poblenou
Sant Martí,6,67,FO,La Vila Olímpica del Poblenou
Sant Martí,1,67,IZQP - UNIDOS - DEf,La Vila Olímpica del Poblenou
Sant Martí,28,67,PACMA,La Vila Olímpica del Poblenou
Sant Martí,8,67,PCTC,La Vila Olímpica del Poblenou
Sant Martí,530,67,PP,La Vila Olímpica del Poblenou
Sant Martí,1206,67,PSC,La Vila Olímpica del Poblenou
Sant Martí,2,67,PUM+J,La Vila Olímpica del Poblenou
Sant Martí,1,67,RECORTES CERO,La Vila Olímpica del Poblenou
Sant Martí,186,67,VOX,La Vila Olímpica del Poblenou
Sant Martí,4485,67,Votants,La Vila Olímpica del Poblenou
Sant Martí,44,67,Vots blancs,La Vila Olímpica del Poblenou
Sant Martí,26,67,Vots nuls,La Vila Olímpica del Poblenou
Sant Martí,4459,67,Vots vàlids,La Vila Olímpica del Poblenou
Sant Martí,78,68,ALHORA,El Poblenou
Sant Martí,307,68,ALIANÇA.CAT,El Poblenou
Sant Martí,2946,68,CAT-JUNTS+,El Poblenou
Sant Martí,1628,68,COMUNS SUMAR,El Poblenou
Sant Martí,862,68,CUP - DT,El Poblenou
Sant Martí,89,68,Cs,El Poblenou
Sant Martí,2441,68,ERC,El Poblenou
Sant Martí,21539,68,Electors,El Poblenou
Sant Martí,35,68,FO,El Poblenou
Sant Martí,5,68,IZQP - UNIDOS - DEf,El Poblenou
Sant Martí,128,68,PACMA,El Poblenou
Sant Martí,14,68,PCTC,El Poblenou
Sant Martí,1093,68,PP,El Poblenou
Sant Martí,3561,68,PSC,El Poblenou
Sant Martí,10,68,PUM+J,El Poblenou
Sant Martí,9,68,RECORTES CERO,El Poblenou
Sant Martí,588,68,VOX,El Poblenou
Sant Martí,13998,68,Votants,El Poblenou
Sant Martí,129,68,Vots blancs,El Poblenou
Sant Martí,75,68,Vots nuls,El Poblenou
Sant Martí,13923,68,Vots vàlids,El Poblenou
Sant Martí,25,69,ALHORA,Diagonal Mar i el Front Marítim del Poblenou
Sant Martí,154,69,ALIANÇA.CAT,Diagonal Mar i el Front Marítim del Poblenou
Sant Martí,987,69,CAT-JUNTS+,Diagonal Mar i el Front Marítim del Poblenou
Sant Martí,536,69,COMUNS SUMAR,Diagonal Mar i el Front Marítim del Poblenou
Sant Martí,216,69,CUP - DT,Diagonal Mar i el Front Marítim del Poblenou
Sant Martí,44,69,Cs,Diagonal Mar i el Front Marítim del Poblenou
Sant Martí,741,69,ERC,Diagonal Mar i el Front Marítim del Poblenou
Sant Martí,8311,69,Electors,Diagonal Mar i el Front Marítim del Poblenou
Sant Martí,9,69,FO,Diagonal Mar i el Front Marítim del Poblenou
Sant Martí,0,69,IZQP - UNIDOS - DEf,Diagonal Mar i el Front Marítim del Poblenou
Sant Martí,66,69,PACMA,Diagonal Mar i el Front Marítim del Poblenou
Sant Martí,9,69,PCTC,Diagonal Mar i el Front Marítim del Poblenou
Sant Martí,655,69,PP,Diagonal Mar i el Front Marítim del Poblenou
Sant Martí,1737,69,PSC,Diagonal Mar i el Front Marítim del Poblenou
Sant Martí,6,69,PUM+J,Diagonal Mar i el Front Marítim del Poblenou
Sant Martí,6,69,RECORTES CERO,Diagonal Mar i el Front Marítim del Poblenou
Sant Martí,289,69,VOX,Diagonal Mar i el Front Marítim del Poblenou
Sant Martí,5542,69,Votants,Diagonal Mar i el Front Marítim del Poblenou
Sant Martí,50,69,Vots blancs,Diagonal Mar i el Front Marítim del Poblenou
Sant Martí,12,69,Vots nuls,Diagonal Mar i el Front Marítim del Poblenou
Sant Martí,5530,69,Vots vàlids,Diagonal Mar i el Front Marítim del Poblenou
Sant Martí,9,70,ALHORA,El Besòs i el Maresme
Sant Martí,103,70,ALIANÇA.CAT,El Besòs i el Maresme
Sant Martí,526,70,CAT-JUNTS+,El Besòs i el Maresme
Sant Martí,495,70,COMUNS SUMAR,El Besòs i el Maresme
Sant Martí,135,70,CUP - DT,El Besòs i el Maresme
Sant Martí,71,70,Cs,El Besòs i el Maresme
Sant Martí,776,70,ERC,El Besòs i el Maresme
Sant Martí,14440,70,Electors,El Besòs i el Maresme
Sant Martí,34,70,FO,El Besòs i el Maresme
Sant Martí,2,70,IZQP - UNIDOS - DEf,El Besòs i el Maresme
Sant Martí,87,70,PACMA,El Besòs i el Maresme
Sant Martí,5,70,PCTC,El Besòs i el Maresme
Sant Martí,841,70,PP,El Besòs i el Maresme
Sant Martí,2765,70,PSC,El Besòs i el Maresme
Sant Martí,7,70,PUM+J,El Besòs i el Maresme
Sant Martí,19,70,RECORTES CERO,El Besòs i el Maresme
Sant Martí,789,70,VOX,El Besòs i el Maresme
Sant Martí,6758,70,Votants,El Besòs i el Maresme
Sant Martí,42,70,Vots blancs,El Besòs i el Maresme
Sant Martí,52,70,Vots nuls,El Besòs i el Maresme
Sant Martí,6706,70,Vots vàlids,El Besòs i el Maresme
Sant Martí,46,71,ALHORA,Provençals del Poblenou
Sant Martí,199,71,ALIANÇA.CAT,Provençals del Poblenou
Sant Martí,1223,71,CAT-JUNTS+,Provençals del Poblenou
Sant Martí,796,71,COMUNS SUMAR,Provençals del Poblenou
Sant Martí,310,71,CUP - DT,Provençals del Poblenou
Sant Martí,77,71,Cs,Provençals del Poblenou
Sant Martí,1318,71,ERC,Provençals del Poblenou
Sant Martí,14421,71,Electors,Provençals del Poblenou
Sant Martí,26,71,FO,Provençals del Poblenou
Sant Martí,5,71,IZQP - UNIDOS - DEf,Provençals del Poblenou
Sant Martí,88,71,PACMA,Provençals del Poblenou
Sant Martí,10,71,PCTC,Provençals del Poblenou
Sant Martí,976,71,PP,Provençals del Poblenou
Sant Martí,2956,71,PSC,Provençals del Poblenou
Sant Martí,7,71,PUM+J,Provençals del Poblenou
Sant Martí,8,71,RECORTES CERO,Provençals del Poblenou
Sant Martí,564,71,VOX,Provençals del Poblenou
Sant Martí,8737,71,Votants,Provençals del Poblenou
Sant Martí,64,71,Vots blancs,Provençals del Poblenou
Sant Martí,64,71,Vots nuls,Provençals del Poblenou
Sant Martí,8673,71,Vots vàlids,Provençals del Poblenou
Sant Martí,39,72,ALHORA,Sant Martí de Provençals
Sant Martí,184,72,ALIANÇA.CAT,Sant Martí de Provençals
Sant Martí,1522,72,CAT-JUNTS+,Sant Martí de Provençals
Sant Martí,988,72,COMUNS SUMAR,Sant Martí de Provençals
Sant Martí,356,72,CUP - DT,Sant Martí de Provençals
Sant Martí,108,72,Cs,Sant Martí de Provençals
Sant Martí,1677,72,ERC,Sant Martí de Provençals
Sant Martí,18756,72,Electors,Sant Martí de Provençals
Sant Martí,44,72,FO,Sant Martí de Provençals
Sant Martí,5,72,IZQP - UNIDOS - DEf,Sant Martí de Provençals
Sant Martí,151,72,PACMA,Sant Martí de Provençals
Sant Martí,18,72,PCTC,Sant Martí de Provençals
Sant Martí,1663,72,PP,Sant Martí de Provençals
Sant Martí,3778,72,PSC,Sant Martí de Provençals
Sant Martí,7,72,PUM+J,Sant Martí de Provençals
Sant Martí,16,72,RECORTES CERO,Sant Martí de Provençals
Sant Martí,852,72,VOX,Sant Martí de Provençals
Sant Martí,11602,72,Votants,Sant Martí de Provençals
Sant Martí,111,72,Vots blancs,Sant Martí de Provençals
Sant Martí,83,72,Vots nuls,Sant Martí de Provençals
Sant Martí,11519,72,Vots vàlids,Sant Martí de Provençals
Sant Martí,21,73,ALHORA,La Verneda i la Pau
Sant Martí,164,73,ALIANÇA.CAT,La Verneda i la Pau
Sant Martí,1021,73,CAT-JUNTS+,La Verneda i la Pau
Sant Martí,819,73,COMUNS SUMAR,La Verneda i la Pau
Sant Martí,275,73,CUP - DT,La Verneda i la Pau
Sant Martí,139,73,Cs,La Verneda i la Pau
Sant Martí,1329,73,ERC,La Verneda i la Pau
Sant Martí,21144,73,Electors,La Verneda i la Pau
Sant Martí,67,73,FO,La Verneda i la Pau
Sant Martí,7,73,IZQP - UNIDOS - DEf,La Verneda i la Pau
Sant Martí,160,73,PACMA,La Verneda i la Pau
Sant Martí,11,73,PCTC,La Verneda i la Pau
Sant Martí,1929,73,PP,La Verneda i la Pau
Sant Martí,4605,73,PSC,La Verneda i la Pau
Sant Martí,15,73,PUM+J,La Verneda i la Pau
Sant Martí,7,73,RECORTES CERO,La Verneda i la Pau
Sant Martí,1101,73,VOX,La Verneda i la Pau
Sant Martí,11825,73,Votants,La Verneda i la Pau
Sant Martí,86,73,Vots blancs,La Verneda i la Pau
Sant Martí,69,73,Vots nuls,La Verneda i la Pau
Sant Martí,11756,73,Vots vàlids,La Verneda i la Pau
